[
{
  "model": "auth.group",
  "fields": {
    "name": "Department Heads",
    "permissions": [
      [
        "view_clocker",
        "clocker",
        "clocker"
      ],
      [
        "view_announcement",
        "company",
        "announcement"
      ],
      [
        "view_department",
        "company",
        "department"
      ],
      [
        "view_event",
        "company",
        "event"
      ],
      [
        "view_shift",
        "employee",
        "shift"
      ],
      [
        "view_userprofile",
        "employee",
        "userprofile"
      ]
    ]
  }
},
{
  "model": "auth.user",
  "fields": {
    "password": "pbkdf2_sha256$720000$LyiBE6adBf2UKK2haj7kHj$tCZJJgAD+JaQLZYSXOgpenCnVQBRIjXWEnnJ0kc7kmo=",
    "last_login": "2024-11-13T02:10:05.012Z",
    "is_superuser": true,
    "username": "admin",
    "first_name": "admin",
    "last_name": "ko",
    "email": "admin@gmail.com",
    "is_staff": true,
    "is_active": true,
    "date_joined": "2024-08-09T02:28:38Z",
    "groups": [],
    "user_permissions": []
  }
},
{
  "model": "auth.user",
  "fields": {
    "password": "pbkdf2_sha256$720000$Xnxu1MRYnbYHOklZThHAV4$2dtd8psR1pfyJj2+sXJZsRb9p5TrP3qoMpsJ6FVSmmI=",
    "last_login": "2024-09-21T00:27:03.954Z",
    "is_superuser": false,
    "username": "user1",
    "first_name": "User",
    "last_name": "One",
    "email": "user1@email.com",
    "is_staff": false,
    "is_active": true,
    "date_joined": "2024-08-09T02:58:12Z",
    "groups": [],
    "user_permissions": []
  }
},
{
  "model": "auth.user",
  "fields": {
    "password": "pbkdf2_sha256$720000$DR2f2gpCx3VCXNHo2rYppU$SqKnvYbU6S/q+1I8N2f2X1Z/I5BXu3lKLgoru/IWEIM=",
    "last_login": "2024-09-27T03:26:14.850Z",
    "is_superuser": false,
    "username": "user2",
    "first_name": "User",
    "last_name": "Two",
    "email": "user2@email.com",
    "is_staff": true,
    "is_active": true,
    "date_joined": "2024-08-09T03:25:37Z",
    "groups": [
      [
        "Department Heads"
      ]
    ],
    "user_permissions": []
  }
},
{
  "model": "auth.user",
  "fields": {
    "password": "pbkdf2_sha256$720000$bsjYYHwblruektYqTCMnaW$+c5vN28EaRSYTymGIx7GDF9EMeupWu6EGJ9Ktb8STFM=",
    "last_login": "2024-09-21T01:48:45.193Z",
    "is_superuser": false,
    "username": "user3",
    "first_name": "gwapo",
    "last_name": "ko",
    "email": "",
    "is_staff": true,
    "is_active": true,
    "date_joined": "2024-08-09T05:42:41Z",
    "groups": [
      [
        "Department Heads"
      ]
    ],
    "user_permissions": []
  }
},
{
  "model": "auth.user",
  "fields": {
    "password": "pbkdf2_sha256$720000$lGdlSyCByfGGlLueR5kwAm$aWZRKjsEub7z4v0aNzIkk6jxygvMepM4V+/P4o7nip0=",
    "last_login": "2024-10-02T05:49:56.088Z",
    "is_superuser": false,
    "username": "user4",
    "first_name": "User",
    "last_name": "Four",
    "email": "user4@email.com",
    "is_staff": true,
    "is_active": true,
    "date_joined": "2024-08-09T07:37:52Z",
    "groups": [
      [
        "Department Heads"
      ]
    ],
    "user_permissions": []
  }
},
{
  "model": "auth.user",
  "fields": {
    "password": "pbkdf2_sha256$720000$cp1aWN0eJAtaO5F6OOayb9$tQufm+2xZeBzyIjtOXgpqunBr0cI9Q6AkZllgCWl9Vg=",
    "last_login": "2024-09-02T03:10:19.686Z",
    "is_superuser": false,
    "username": "John",
    "first_name": "John",
    "last_name": "Smith",
    "email": "js@email.com",
    "is_staff": false,
    "is_active": true,
    "date_joined": "2024-09-02T03:09:00Z",
    "groups": [],
    "user_permissions": []
  }
},
{
  "model": "auth.user",
  "fields": {
    "password": "pbkdf2_sha256$720000$GZHeApuHE9zpfJk9DXm3IK$rnmfPVzIG00+m7Yd71VfQUFkY2O+s4lnHY35moNZhL8=",
    "last_login": "2024-09-21T02:07:39.788Z",
    "is_superuser": false,
    "username": "user5",
    "first_name": "User",
    "last_name": "Five",
    "email": "",
    "is_staff": false,
    "is_active": true,
    "date_joined": "2024-09-21T01:54:07Z",
    "groups": [],
    "user_permissions": []
  }
},
{
  "model": "sessions.session",
  "pk": "0meh7oh7s0qja81i27uqraw6cwt59y8o",
  "fields": {
    "session_data": ".eJxVjMsOwiAQRf-FtSFAZ3i4dO83kKEMUjU0Ke3K-O_apAvd3nPOfYlI21rj1nmJUxZnoc0gTr9rovHBbUf5Tu02y3Fu6zIluSvyoF1e58zPy-H-HVTq9VsXzyEbHxCVYV8sO3KkHSRkoMEaZ8EU1GBVsB4LJEcGQFuVStLgUbw_EzQ3LQ:1svn4X:Qw9blR6FESdc84-CjBMKtwBQk9uBuYuJ5ryVQQ4MgtE",
    "expire_date": "2024-10-16T00:18:29.830Z"
  }
},
{
  "model": "sessions.session",
  "pk": "26nf19kz1qhzqwobkghq2d7yergydop2",
  "fields": {
    "session_data": ".eJxVjEEOwiAQRe_C2hCoQBmX7j0DmYGpVA0kpV0Z725JutDt--_9twi4rTlsjZcwJ3ERWoM4_VLC-OTSp_TAcq8y1rIuM8muyGNt8lYTv66H-3eQseW9ZjAJxtFYHzWrM5LWk1OOdgaOh4HJQHRu8gzek7cIySCTUqqHNorPFx-5OAM:1sro29:xamtYK_-qSi2dRRtbOzUjhZem8vRPU3JzHx90DEiEmQ",
    "expire_date": "2024-10-05T00:31:33.844Z"
  }
},
{
  "model": "sessions.session",
  "pk": "2umcdn9t82dkio4abcgjbgs4y7d0fpb2",
  "fields": {
    "session_data": ".eJxVjEEOwiAQRe_C2hCoQBmX7j0DmYGpVA0kpV0Z725JutDt--_9twi4rTlsjZcwJ3ERWoM4_VLC-OTSp_TAcq8y1rIuM8muyGNt8lYTv66H-3eQseW9ZjAJxtFYHzWrM5LWk1OOdgaOh4HJQHRu8gzek7cIySCTUqqHNorPFx-5OAM:1tAkVu:9Y-Y2QAuGU3niE4aq4emy30JrnNoTRtfTn06G2o_EFI",
    "expire_date": "2024-11-26T06:36:34.421Z"
  }
},
{
  "model": "sessions.session",
  "pk": "69zelm3d3fbn5ysuybml5yhin1cmm99c",
  "fields": {
    "session_data": ".eJxVjEEOwiAQRe_C2pABytC6dO8ZyMCAVA0kpV0Z765NutDtf-_9l_C0rcVvPS1-ZnEWRpx-t0DxkeoO-E711mRsdV3mIHdFHrTLa-P0vBzu30GhXr51QIs6a8fgRjAJgC0BwTRlq3HkyIFdHrTGjIxKAcfB2Ki0Q7JkIoj3B88HN10:1sh0xk:CyxSqjidAHXcJYrLCeH9vEop4FgujOcr5Gy-k3bGxF4",
    "expire_date": "2024-09-05T06:06:24.065Z"
  }
},
{
  "model": "sessions.session",
  "pk": "9uoxkuxkjcb69266eecqefhmes5oglie",
  "fields": {
    "session_data": ".eJxVjEEOwiAQRe_C2hBAoIxL956BzMBUqoYmpV0Z725JutDt--_9t4i4rSVujZc4ZXERRpx-GWF6cu1DfmC9zzLNdV0mkl2Rx9rkbc78uh7u30HBVvaawWYYButC0qzOSFqPXnnaGXg2hslC8n4MDCFQcAjZIpNSqocuic8X02g3mg:1scFN1:5kdnYZ8XOKGpRJd718aCbvZXfCnZz1b39AGYFji6sh4",
    "expire_date": "2024-08-23T02:28:47.686Z"
  }
},
{
  "model": "sessions.session",
  "pk": "aa0p7dcomxc9krr93bqzjto1rdwc83dt",
  "fields": {
    "session_data": ".eJxVjEEOwiAQRe_C2hCoQBmX7j0DmYGpVA0kpV0Z725JutDt--_9twi4rTlsjZcwJ3ERWoM4_VLC-OTSp_TAcq8y1rIuM8muyGNt8lYTv66H-3eQseW9ZjAJxtFYHzWrM5LWk1OOdgaOh4HJQHRu8gzek7cIySCTUqqHNorPFx-5OAM:1tB1aR:joZAgB1VZe1Cr2PEGNRDAIxMxjnAz-SzA_em5TZkGyU",
    "expire_date": "2024-11-27T00:50:23.680Z"
  }
},
{
  "model": "sessions.session",
  "pk": "ae82ngc8euba4inzt6zqk83ach5ti5td",
  "fields": {
    "session_data": ".eJxVjEEOwiAQRe_C2pABytC6dO8ZyMCAVA0kpV0Z765NutDtf-_9l_C0rcVvPS1-ZnEWRpx-t0DxkeoO-E711mRsdV3mIHdFHrTLa-P0vBzu30GhXr51QIs6a8fgRjAJgC0BwTRlq3HkyIFdHrTGjIxKAcfB2Ki0Q7JkIoj3B88HN10:1sfsmz:PRaNleMoCO8pXbdzqcrOIOdcMH4isbsGSYo8IhSO3cQ",
    "expire_date": "2024-09-02T03:10:37.961Z"
  }
},
{
  "model": "sessions.session",
  "pk": "ajrd0r5ly5m47kx3mxrn3ree4yv9reom",
  "fields": {
    "session_data": ".eJxVjEsOwiAUAO_C2hAon_Jcuu8ZyIMHUjWQlHZlvLsh6UK3M5N5M4_HXvzR0-ZXYldm2OWXBYzPVIegB9Z747HVfVsDHwk_bedLo_S6ne3foGAvY2tBQXaTM1kkzFLmQGCNJKECSGFJzS4YpIhWTwRRaB1mYbWlDJJIs88X2Ds3rw:1sgKFh:w5-cxOQip6H-PXkT3VDsm8cmWs255UiiGUyiVfm0wn8",
    "expire_date": "2024-09-03T08:30:05.451Z"
  }
},
{
  "model": "sessions.session",
  "pk": "bd2etsb2qipfdfw01vhmnz77fiuk9ax9",
  "fields": {
    "session_data": ".eJxVjEEOwiAQRe_C2hCoQBmX7j0DmYGpVA0kpV0Z725JutDt--_9twi4rTlsjZcwJ3ERWoM4_VLC-OTSp_TAcq8y1rIuM8muyGNt8lYTv66H-3eQseW9ZjAJxtFYHzWrM5LWk1OOdgaOh4HJQHRu8gzek7cIySCTUqqHNorPFx-5OAM:1srT3M:1jfkW_-IGruY48MTTWubVn4YRdm1GRW_PUdAjSrXh1o",
    "expire_date": "2024-10-04T02:07:24.101Z"
  }
},
{
  "model": "sessions.session",
  "pk": "c1sdq09u3adp703h86z7150iqe4y7axq",
  "fields": {
    "session_data": ".eJxVjEEOwiAQRe_C2hCoQBmX7j0DmYGpVA0kpV0Z725JutDt--_9twi4rTlsjZcwJ3ERWoM4_VLC-OTSp_TAcq8y1rIuM8muyGNt8lYTv66H-3eQseW9ZjAJxtFYHzWrM5LWk1OOdgaOh4HJQHRu8gzek7cIySCTUqqHNorPFx-5OAM:1tB2el:CLJtMmrIg8Gc9HKYuhDySMVNQDxcqW-6N5sY8CqntY8",
    "expire_date": "2024-11-27T01:58:55.259Z"
  }
},
{
  "model": "sessions.session",
  "pk": "c9rsfipnpoduajsia4qhj8hr5shormbv",
  "fields": {
    "session_data": ".eJxVjEEOwiAQRe_C2hCoQBmX7j0DmYGpVA0kpV0Z725JutDt--_9twi4rTlsjZcwJ3ERWoM4_VLC-OTSp_TAcq8y1rIuM8muyGNt8lYTv66H-3eQseW9ZjAJxtFYHzWrM5LWk1OOdgaOh4HJQHRu8gzek7cIySCTUqqHNorPFx-5OAM:1srZRp:zKL6EjYOLNNJnNneqEBpnnrWdIA2JajT9aFEpclBIV8",
    "expire_date": "2024-10-04T08:57:05.097Z"
  }
},
{
  "model": "sessions.session",
  "pk": "cv5mcqbzx70rn6hw4apqm3y1416elch4",
  "fields": {
    "session_data": ".eJxVjEEOwiAQRe_C2hBAoIxL956BzMBUqoYmpV0Z725JutDt--_9t4i4rSVujZc4ZXERRpx-GWF6cu1DfmC9zzLNdV0mkl2Rx9rkbc78uh7u30HBVvaawWYYButC0qzOSFqPXnnaGXg2hslC8n4MDCFQcAjZIpNSqocuic8X02g3mg:1seNyD:EuOUlNy3StZTKMLuZDLL5G3zBmK3zn4C0F78tnHpY_w",
    "expire_date": "2024-08-29T00:04:01.704Z"
  }
},
{
  "model": "sessions.session",
  "pk": "dvbbavgtezw1e7mzywjhttj38p50uwks",
  "fields": {
    "session_data": ".eJxVjEsOwiAUAO_C2hAon_Jcuu8ZyIMHUjWQlHZlvLsh6UK3M5N5M4_HXvzR0-ZXYldm2OWXBYzPVIegB9Z747HVfVsDHwk_bedLo_S6ne3foGAvY2tBQXaTM1kkzFLmQGCNJKECSGFJzS4YpIhWTwRRaB1mYbWlDJJIs88X2Ds3rw:1soYag:oq-8fk5BQtlayH4Sd9JLkT5uz2iXeoTyQUZrru6avW8",
    "expire_date": "2024-09-26T01:25:46.662Z"
  }
},
{
  "model": "sessions.session",
  "pk": "fettdthlkda7jukf4kbjky6f6csf3r2g",
  "fields": {
    "session_data": ".eJxVjEEOwiAQRe_C2hCoQBmX7j0DmYGpVA0kpV0Z725JutDt--_9twi4rTlsjZcwJ3ERWoM4_VLC-OTSp_TAcq8y1rIuM8muyGNt8lYTv66H-3eQseW9ZjAJxtFYHzWrM5LWk1OOdgaOh4HJQHRu8gzek7cIySCTUqqHNorPFx-5OAM:1tB2pZ:dD4gBR4w6-GYaNA54Mw1PDqcyksPOoi2fZVc8WVlJGs",
    "expire_date": "2024-11-27T02:10:05.024Z"
  }
},
{
  "model": "sessions.session",
  "pk": "fs0x5xvtanwhlo93yl3szx2boc7bs2o9",
  "fields": {
    "session_data": ".eJxVjEEOwiAQRe_C2hBmBgp16d4zkAGmUjVtUtqV8e7apAvd_vfef6nI21rj1mSJY1FnBQjq9Lsmzg-ZdlTuPN1mnedpXcakd0UftOnrXOR5Ody_g8qtfusueQtsicFjQCsGknHSkcE-B0zOiCWAgRwnL46yxZ6KD31BkiEwq_cH-i83YQ:1su1cT:wwP06cbrCXjYkzXxUPWN-tN2EDorTgGXHOT0qHdkrUw",
    "expire_date": "2024-10-11T03:26:13.799Z"
  }
},
{
  "model": "sessions.session",
  "pk": "fw30n3g86792dwu4jegy9voetwxesuks",
  "fields": {
    "session_data": ".eJxVjEEOwiAQRe_C2hCoQBmX7j0DmYGpVA0kpV0Z725JutDt--_9twi4rTlsjZcwJ3ERWoM4_VLC-OTSp_TAcq8y1rIuM8muyGNt8lYTv66H-3eQseW9ZjAJxtFYHzWrM5LWk1OOdgaOh4HJQHRu8gzek7cIySCTUqqHNorPFx-5OAM:1srY1o:8YHAGkHvZeOXCQGqp9vdC7p2cYNNoI7e4VIARa5B4-Q",
    "expire_date": "2024-10-04T07:26:08.535Z"
  }
},
{
  "model": "sessions.session",
  "pk": "gr2rc2mmh09r8pxqrqs8ieocve5v81p5",
  "fields": {
    "session_data": ".eJxVjEEOwiAQRe_C2hBghgIu3XsGMsBUqoYmpV0Z765NutDtf-_9l4i0rTVunZc4FXEWKE6_W6L84LaDcqd2m2We27pMSe6KPGiX17nw83K4fweVev3WQ3KoCYG0M94gK52U5QGUCdmbZBUjaD2CpeTYQkYToDgfigEePZF4fwCzTTcB:1selHU:xbtFooVLx4MDXGl1ElNT4CDms05d0JYwuU5v_4YGA50",
    "expire_date": "2024-08-30T00:57:28.960Z"
  }
},
{
  "model": "sessions.session",
  "pk": "gsjbri1et27rnik5zwgfc1vbqivx16rc",
  "fields": {
    "session_data": ".eJxVjMsOwiAQRf-FtSFAZ3i4dO83kKEMUjU0Ke3K-O_apAvd3nPOfYlI21rj1nmJUxZnoc0gTr9rovHBbUf5Tu02y3Fu6zIluSvyoF1e58zPy-H-HVTq9VsXzyEbHxCVYV8sO3KkHSRkoMEaZ8EU1GBVsB4LJEcGQFuVStLgUbw_EzQ3LQ:1svn4V:afRbwJVfPDHRGgz6PMbsSknrTrXA9km7rpir2zbrAaI",
    "expire_date": "2024-10-16T00:18:27.375Z"
  }
},
{
  "model": "sessions.session",
  "pk": "gw1u9opyxrpcps9zoq7w5qttbvjlyl2k",
  "fields": {
    "session_data": ".eJxVjEEOwiAQRe_C2hCoQBmX7j0DmYGpVA0kpV0Z725JutDt--_9twi4rTlsjZcwJ3ERWoM4_VLC-OTSp_TAcq8y1rIuM8muyGNt8lYTv66H-3eQseW9ZjAJxtFYHzWrM5LWk1OOdgaOh4HJQHRu8gzek7cIySCTUqqHNorPFx-5OAM:1srWlE:yxq7-oSlW_GNJb2sTf4NBghovyWhVOoueTWup_Ls2aQ",
    "expire_date": "2024-10-04T06:04:56.975Z"
  }
},
{
  "model": "sessions.session",
  "pk": "hr7f4wyje6gv3aae2rjk97ks09jdog9u",
  "fields": {
    "session_data": ".eJxVjEEOwiAQRe_C2hBmBgp16d4zkAGmUjVtUtqV8e7apAvd_vfef6nI21rj1mSJY1FnBQjq9Lsmzg-ZdlTuPN1mnedpXcakd0UftOnrXOR5Ody_g8qtfusueQtsicFjQCsGknHSkcE-B0zOiCWAgRwnL46yxZ6KD31BkiEwq_cH-i83YQ:1su1cU:GDTQvLbbcv0PEvLPRR7KvFQGYLHC2_3iADYi3Dh5134",
    "expire_date": "2024-10-11T03:26:14.871Z"
  }
},
{
  "model": "sessions.session",
  "pk": "i1uoby5hzzt4dtmuxbae0bfh723gtes8",
  "fields": {
    "session_data": ".eJxVjEEOwiAQRe_C2hBAoIxL956BzMBUqoYmpV0Z725JutDt--_9t4i4rSVujZc4ZXERRpx-GWF6cu1DfmC9zzLNdV0mkl2Rx9rkbc78uh7u30HBVvaawWYYButC0qzOSFqPXnnaGXg2hslC8n4MDCFQcAjZIpNSqocuic8X02g3mg:1siTxS:muQGmWf2lLcnAb5VkFreeGqebVA2ytssqdSiyqLyDME",
    "expire_date": "2024-09-09T07:16:10.864Z"
  }
},
{
  "model": "sessions.session",
  "pk": "kzhnm997rpeeiokhbqx0ukq1bxmcc0ts",
  "fields": {
    "session_data": ".eJxVjEEOwiAQRe_C2hBghgIu3XsGMsBUqoYmpV0Z765NutDtf-_9l4i0rTVunZc4FXEWKE6_W6L84LaDcqd2m2We27pMSe6KPGiX17nw83K4fweVev3WQ3KoCYG0M94gK52U5QGUCdmbZBUjaD2CpeTYQkYToDgfigEePZF4fwCzTTcB:1sqNqe:2Nhq4GOSgWo-0Wg6q_7bnF1n7ShmogWYLbeZjWwcOBk",
    "expire_date": "2024-10-01T02:21:48.506Z"
  }
},
{
  "model": "sessions.session",
  "pk": "n78loz2tl3zkxv41ijbym1my78iswfjs",
  "fields": {
    "session_data": "e30:1shIbv:3vq5RlHYY3uDbA7w8nnApr0kFh80yrDL9q8XhINlCog",
    "expire_date": "2024-09-06T00:57:03.119Z"
  }
},
{
  "model": "sessions.session",
  "pk": "o56qpnmfpu90tmzgmkzyxzsb5rulsff1",
  "fields": {
    "session_data": ".eJxVjEEOwiAQRe_C2hBAoIxL956BzMBUqoYmpV0Z725JutDt--_9t4i4rSVujZc4ZXERRpx-GWF6cu1DfmC9zzLNdV0mkl2Rx9rkbc78uh7u30HBVvaawWYYButC0qzOSFqPXnnaGXg2hslC8n4MDCFQcAjZIpNSqocuic8X02g3mg:1sl29Z:9XLKkkD78TSodAbsSYSBImFyv99qdTd7TFPtXiAs_og",
    "expire_date": "2024-09-16T08:11:13.963Z"
  }
},
{
  "model": "sessions.session",
  "pk": "owezfhgl3adz4q0ekwx0spxbjkvwltek",
  "fields": {
    "session_data": ".eJxVjMsOwiAQRf-FtSFAZ3i4dO83kKEMUjU0Ke3K-O_apAvd3nPOfYlI21rj1nmJUxZnoc0gTr9rovHBbUf5Tu02y3Fu6zIluSvyoF1e58zPy-H-HVTq9VsXzyEbHxCVYV8sO3KkHSRkoMEaZ8EU1GBVsB4LJEcGQFuVStLgUbw_EzQ3LQ:1svnEg:zax7ICvUJ5DWZg9fXgacIweZHOOZEZm4m_qM4i3x4LQ",
    "expire_date": "2024-10-16T00:28:58.468Z"
  }
},
{
  "model": "sessions.session",
  "pk": "pp1l80wj9dfdsllggz7e3jknq80nonqh",
  "fields": {
    "session_data": ".eJxVjEEOwiAQRe_C2hBAoIxL956BzMBUqoYmpV0Z725JutDt--_9t4i4rSVujZc4ZXERRpx-GWF6cu1DfmC9zzLNdV0mkl2Rx9rkbc78uh7u30HBVvaawWYYButC0qzOSFqPXnnaGXg2hslC8n4MDCFQcAjZIpNSqocuic8X02g3mg:1sdIn3:QcXa7_6Cpk5YZFpKlEN0e_DEVbF6j2WuKZkOHirYsgw",
    "expire_date": "2024-08-26T00:20:01.537Z"
  }
},
{
  "model": "sessions.session",
  "pk": "prlat9czt1ikx29v48j0lfpepao650mj",
  "fields": {
    "session_data": ".eJxVjMsOwiAQRf-FtSFAZ3i4dO83kKEMUjU0Ke3K-O_apAvd3nPOfYlI21rj1nmJUxZnoc0gTr9rovHBbUf5Tu02y3Fu6zIluSvyoF1e58zPy-H-HVTq9VsXzyEbHxCVYV8sO3KkHSRkoMEaZ8EU1GBVsB4LJEcGQFuVStLgUbw_EzQ3LQ:1svsFI:YBAMob6U4xUrCMt4uFlI5F83LaoEoNQ_X5SEh2xdbrw",
    "expire_date": "2024-10-16T05:49:56.099Z"
  }
},
{
  "model": "sessions.session",
  "pk": "r1buep58cvh5y5i8rj6fu6mi1v8uowz0",
  "fields": {
    "session_data": ".eJxVjEEOwiAQRe_C2hBAoIxL956BzMBUqoYmpV0Z725JutDt--_9t4i4rSVujZc4ZXERRpx-GWF6cu1DfmC9zzLNdV0mkl2Rx9rkbc78uh7u30HBVvaawWYYButC0qzOSFqPXnnaGXg2hslC8n4MDCFQcAjZIpNSqocuic8X02g3mg:1slKYE:CPGrJ4UEkIMQBymRRwccJ2PsJqrkG51IArBcR0zSR38",
    "expire_date": "2024-09-17T03:49:54.967Z"
  }
},
{
  "model": "sessions.session",
  "pk": "uwrtuyg8xj8gjqkdaaiamr527tmtv2y4",
  "fields": {
    "session_data": ".eJxVjEsOwiAUAO_C2hAon_Jcuu8ZyIMHUjWQlHZlvLsh6UK3M5N5M4_HXvzR0-ZXYldm2OWXBYzPVIegB9Z747HVfVsDHwk_bedLo_S6ne3foGAvY2tBQXaTM1kkzFLmQGCNJKECSGFJzS4YpIhWTwRRaB1mYbWlDJJIs88X2Ds3rw:1sjuIv:Ei-G29-17TAtjUFN1Oi1AICj-FqIWXrE6R54dR8Yk3g",
    "expire_date": "2024-09-13T05:36:13.172Z"
  }
},
{
  "model": "sessions.session",
  "pk": "v3kr7xg59hfmjkgvlmn8v94070jhh1qn",
  "fields": {
    "session_data": ".eJxVjMsOwiAQRf-FtSFAZ3i4dO83kKEMUjU0Ke3K-O_apAvd3nPOfYlI21rj1nmJUxZnoc0gTr9rovHBbUf5Tu02y3Fu6zIluSvyoF1e58zPy-H-HVTq9VsXzyEbHxCVYV8sO3KkHSRkoMEaZ8EU1GBVsB4LJEcGQFuVStLgUbw_EzQ3LQ:1svsFG:kKlFSbwtyrN3tH2p_m1-uyPWKUxUp7B5pxF9bhNNoJY",
    "expire_date": "2024-10-16T05:49:54.126Z"
  }
},
{
  "model": "sessions.session",
  "pk": "y86tv2krph4nbrcaq43ereis3isj9oai",
  "fields": {
    "session_data": ".eJxVjMsOwiAQRf-FtSFAZ3i4dO83kKEMUjU0Ke3K-O_apAvd3nPOfYlI21rj1nmJUxZnoc0gTr9rovHBbUf5Tu02y3Fu6zIluSvyoF1e58zPy-H-HVTq9VsXzyEbHxCVYV8sO3KkHSRkoMEaZ8EU1GBVsB4LJEcGQFuVStLgUbw_EzQ3LQ:1svn4T:mQC94EOZWZLHJR8pobEtC460BCSuV4zCFqqxnR3S0zw",
    "expire_date": "2024-10-16T00:18:25.948Z"
  }
},
{
  "model": "sessions.session",
  "pk": "zhxqddrj671cbad33v077nr4gc1u7d20",
  "fields": {
    "session_data": ".eJxVjEEOwiAQRe_C2hBAoIxL956BzMBUqoYmpV0Z725JutDt--_9t4i4rSVujZc4ZXERRpx-GWF6cu1DfmC9zzLNdV0mkl2Rx9rkbc78uh7u30HBVvaawWYYButC0qzOSFqPXnnaGXg2hslC8n4MDCFQcAjZIpNSqocuic8X02g3mg:1soYaK:PScQpgBncytqjqnsGHGvxzMPNHafC-8A7X6_izNXa-Q",
    "expire_date": "2024-09-26T01:25:24.062Z"
  }
},
{
  "model": "employee.shift",
  "pk": 1,
  "fields": {
    "name": "Morning",
    "start_time": "06:00:00",
    "end_time": "12:00:00"
  }
},
{
  "model": "employee.shift",
  "pk": 2,
  "fields": {
    "name": "Mid",
    "start_time": "12:00:00",
    "end_time": "18:00:00"
  }
},
{
  "model": "employee.userprofile",
  "pk": 119,
  "fields": {
    "user": [
      "admin"
    ],
    "user_shift": 1,
    "department": 1,
    "photo": "photos/admin_ko/119_OMm4Lut.png",
    "address": "",
    "contact": null,
    "position": "Member",
    "employment_type": "FT",
    "hire_date": "1970-01-01"
  }
},
{
  "model": "employee.userprofile",
  "pk": 120,
  "fields": {
    "user": [
      "user1"
    ],
    "user_shift": 1,
    "department": 1,
    "photo": "photos/User_One/120.png",
    "address": "",
    "contact": null,
    "position": "Member",
    "employment_type": "FT",
    "hire_date": "1970-01-01"
  }
},
{
  "model": "employee.userprofile",
  "pk": 121,
  "fields": {
    "user": [
      "user2"
    ],
    "user_shift": 1,
    "department": 2,
    "photo": "photos/User_Two/121.png",
    "address": "",
    "contact": null,
    "position": "Member",
    "employment_type": "FT",
    "hire_date": "1970-01-01"
  }
},
{
  "model": "employee.userprofile",
  "pk": 122,
  "fields": {
    "user": [
      "user3"
    ],
    "user_shift": 2,
    "department": 2,
    "photo": "photos/default_photo.png",
    "address": "",
    "contact": null,
    "position": "Member",
    "employment_type": "FT",
    "hire_date": "1970-01-01"
  }
},
{
  "model": "employee.userprofile",
  "pk": 123,
  "fields": {
    "user": [
      "user4"
    ],
    "user_shift": 1,
    "department": 1,
    "photo": "photos/User_Four/123.png",
    "address": "",
    "contact": null,
    "position": "Member",
    "employment_type": "FT",
    "hire_date": "1970-01-01"
  }
},
{
  "model": "employee.userprofile",
  "pk": 124,
  "fields": {
    "user": [
      "John"
    ],
    "user_shift": 2,
    "department": 2,
    "photo": "photos/default_photo.png",
    "address": "",
    "contact": null,
    "position": "Member",
    "employment_type": "FT",
    "hire_date": "1970-01-01"
  }
},
{
  "model": "employee.userprofile",
  "pk": 125,
  "fields": {
    "user": [
      "user5"
    ],
    "user_shift": 1,
    "department": 1,
    "photo": "photos/User_Five/125.png",
    "address": "",
    "contact": "123132123",
    "position": "Member",
    "employment_type": "FT",
    "hire_date": "2024-09-21"
  }
},
{
  "model": "company.company",
  "pk": 1,
  "fields": {
    "name": "MacroHard",
    "description": null,
    "address": "gfdgdg",
    "email": "gfdgdfgdfg@email.com",
    "phone": "324242342",
    "about_image": "",
    "hero_image1": "hero/MacroHard/MacroHard_bc6Eg5X.jpg",
    "hero_image2": "hero/MacroHard/MacroHard_HJCmSaE.jpeg",
    "hero_image3": "",
    "hero_image4": "",
    "hero_image5": ""
  }
},
{
  "model": "company.career",
  "pk": 1,
  "fields": {
    "company": 1,
    "job_title": "Project Manager",
    "job_type": "FT",
    "salary_min": "20000.00",
    "salary_max": "40000.00",
    "experience_required": "1 year",
    "qualifications": "Knows how to manage.",
    "responsibilities": "- Manage Project\r\n- Collect Salary",
    "application_deadline": "2024-10-02",
    "posting_date": "2024-10-02",
    "application_link": null,
    "application_email": "email@email.com",
    "employment_status": true,
    "work_hours": "Day",
    "benefits": "Free Air",
    "application_instructions": "",
    "remote_option": false
  }
},
{
  "model": "company.career",
  "pk": 2,
  "fields": {
    "company": 1,
    "job_title": "Supervisor",
    "job_type": "CON",
    "salary_min": "20000.00",
    "salary_max": "40000.00",
    "experience_required": "Pro",
    "qualifications": "Can supervise",
    "responsibilities": "Supervise",
    "application_deadline": "2024-10-02",
    "posting_date": "2024-10-02",
    "application_link": null,
    "application_email": null,
    "employment_status": false,
    "work_hours": null,
    "benefits": "",
    "application_instructions": "",
    "remote_option": false
  }
},
{
  "model": "company.career",
  "pk": 3,
  "fields": {
    "company": 1,
    "job_title": "Sales Staff",
    "job_type": "FT",
    "salary_min": "14000.00",
    "salary_max": "16000.00",
    "experience_required": "None",
    "qualifications": "Human",
    "responsibilities": "Live",
    "application_deadline": "2024-11-12",
    "posting_date": "2024-11-12",
    "application_link": null,
    "application_email": "hr@gmail.com",
    "employment_status": true,
    "work_hours": "9:00-5:00",
    "benefits": "-HMO\r\n-On Site Parking\r\n-Paid Leave",
    "application_instructions": "",
    "remote_option": false
  }
},
{
  "model": "company.department",
  "pk": 1,
  "fields": {
    "name": "IT",
    "company": 1,
    "department_head": 123
  }
},
{
  "model": "company.department",
  "pk": 2,
  "fields": {
    "name": "HR",
    "company": 1,
    "department_head": 121
  }
},
{
  "model": "company.event",
  "pk": 4,
  "fields": {
    "title": "Sample Event",
    "category": "",
    "description": "Description of the sample event",
    "location": "Sample Location",
    "company": 1,
    "image1": "events/08/23/2024/twyEMz0.jpeg"
  }
},
{
  "model": "company.event",
  "pk": 5,
  "fields": {
    "title": "Event 3",
    "category": "",
    "description": "Event 3 details.",
    "location": "Cebu",
    "company": 1,
    "image1": "events/Event 3/Event_3.jpg"
  }
},
{
  "model": "company.event",
  "pk": 8,
  "fields": {
    "title": "event 4",
    "category": "",
    "description": "Lorem Ipsum is simply dummy text of the printing and typesetting industry. Lorem Ipsum has been the industry's standard dummy text ever since the 1500s, when an unknown printer took a galley of type and scrambled it to make a type specimen book. It has survived not only five centuries, but also the leap into electronic typesetting, remaining essentially unchanged. It was popularised in the 1960s with the release of Letraset sheets containing Lorem Ipsum passages, and more recently with desktop publishing software like Aldus PageMaker including versions of Lorem Ipsum.",
    "location": "Cebu",
    "company": 1,
    "image1": "events/event 4/event_4.jpg"
  }
},
{
  "model": "company.event",
  "pk": 9,
  "fields": {
    "title": "Christmas Party",
    "category": "",
    "description": "Lorem Ipsum is simply dummy text of the printing and typesetting industry. Lorem Ipsum has been the industry's standard dummy text ever since the 1500s, when an unknown printer took a galley of type and scrambled it to make a type specimen book. It has survived not only five centuries, but also the leap into electronic typesetting, remaining essentially unchanged. It was popularised in the 1960s with the release of Letraset sheets containing Lorem Ipsum passages, and more recently with desktop publishing software like Aldus PageMaker including versions of Lorem Ipsum.",
    "location": "Cebu",
    "company": 1,
    "image1": "events/Christmas Party/Christmas_Party_C394m11.jpg"
  }
},
{
  "model": "company.event",
  "pk": 10,
  "fields": {
    "title": "Halloween Party",
    "category": "",
    "description": "Lorem Ipsum is simply dummy text of the printing and typesetting industry. Lorem Ipsum has been the industry's standard dummy text ever since the 1500s, when an unknown printer took a galley of type and scrambled it to make a type specimen book. It has survived not only five centuries, but also the leap into electronic typesetting, remaining essentially unchanged. It was popularised in the 1960s with the release of Letraset sheets containing Lorem Ipsum passages, and more recently with desktop publishing software like Aldus PageMaker including versions of Lorem Ipsum.",
    "location": "Cebu",
    "company": 1,
    "image1": "events/event_1.jpg"
  }
},
{
  "model": "company.event",
  "pk": 11,
  "fields": {
    "title": "New Year Party",
    "category": "",
    "description": "Lorem Ipsum is simply dummy text of the printing and typesetting industry. Lorem Ipsum has been the industry's standard dummy text ever since the 1500s, when an unknown printer took a galley of type and scrambled it to make a type specimen book. It has survived not only five centuries, but also the leap into electronic typesetting, remaining essentially unchanged. It was popularised in the 1960s with the release of Letraset sheets containing Lorem Ipsum passages, and more recently with desktop publishing software like Aldus PageMaker including versions of Lorem Ipsum.",
    "location": "Cebu",
    "company": 1,
    "image1": "events/New Year Party/New_Year_Party.jpg"
  }
},
{
  "model": "company.event",
  "pk": 12,
  "fields": {
    "title": "Super Event",
    "category": "",
    "description": "Lorem Ipsum is simply dummy text of the printing and typesetting industry. Lorem Ipsum has been the industry's standard dummy text ever since the 1500s, when an unknown printer took a galley of type and scrambled it to make a type specimen book. It has survived not only five centuries, but also the leap into electronic typesetting, remaining essentially unchanged. It was popularised in the 1960s with the release of Letraset sheets containing Lorem Ipsum passages, and more recently with desktop publishing software like Aldus PageMaker including versions of Lorem Ipsum.",
    "location": "Cebu",
    "company": 1,
    "image1": "events/Super Event/Super_Event.jpg"
  }
},
{
  "model": "company.event",
  "pk": 13,
  "fields": {
    "title": "Another Event",
    "category": "",
    "description": "Lorem Ipsum is simply dummy text of the printing and typesetting industry. Lorem Ipsum has been the industry's standard dummy text ever since the 1500s, when an unknown printer took a galley of type and scrambled it to make a type specimen book. It has survived not only five centuries, but also the leap into electronic typesetting, remaining essentially unchanged. It was popularised in the 1960s with the release of Letraset sheets containing Lorem Ipsum passages, and more recently with desktop publishing software like Aldus PageMaker including versions of Lorem Ipsum.",
    "location": "Cebu",
    "company": 1,
    "image1": "events/event_1.jpg"
  }
},
{
  "model": "company.event",
  "pk": 14,
  "fields": {
    "title": "Event Again",
    "category": "",
    "description": "Lorem Ipsum is simply dummy text of the printing and typesetting industry. Lorem Ipsum has been the industry's standard dummy text ever since the 1500s, when an unknown printer took a galley of type and scrambled it to make a type specimen book. It has survived not only five centuries, but also the leap into electronic typesetting, remaining essentially unchanged. It was popularised in the 1960s with the release of Letraset sheets containing Lorem Ipsum passages, and more recently with desktop publishing software like Aldus PageMaker including versions of Lorem Ipsum.",
    "location": "Cebu",
    "company": 1,
    "image1": "events/Event Again/Event_Again.jpg"
  }
},
{
  "model": "company.event",
  "pk": 16,
  "fields": {
    "title": "Partyy",
    "category": "",
    "description": "Lorem Ipsum is simply dummy text of the printing and typesetting industry. Lorem Ipsum has been the industry's standard dummy text ever since the 1500s, when an unknown printer took a galley of type and scrambled it to make a type specimen book. It has survived not only five centuries, but also the leap into electronic typesetting, remaining essentially unchanged. It was popularised in the 1960s with the release of Letraset sheets containing Lorem Ipsum passages.",
    "location": "Cebu",
    "company": 1,
    "image1": "events/Partyy/Partyy_6kLbU7m.jpg"
  }
},
{
  "model": "company.event",
  "pk": 20,
  "fields": {
    "title": "New Year Event Party",
    "category": "",
    "description": "aggadfdfxcvcv",
    "location": "Cebu",
    "company": 1,
    "image1": "events/New Year Event Party/New_Ye_d7WXn2K.jpg"
  }
},
{
  "model": "company.event",
  "pk": 22,
  "fields": {
    "title": "More Event",
    "category": "product_launch",
    "description": "dsfsfsdfsfsdfsd",
    "location": "Cebu",
    "company": 1,
    "image1": "events/More Event/More_Event_0oFyTaQ.jpg"
  }
},
{
  "model": "company.event_schedule",
  "pk": 1,
  "fields": {
    "event": 20,
    "date": "2024-09-24",
    "start_time": "07:38:47",
    "end_time": "07:38:48",
    "description": "hahaha"
  }
},
{
  "model": "company.event_schedule",
  "pk": 2,
  "fields": {
    "event": 20,
    "date": "2024-09-24",
    "start_time": null,
    "end_time": null,
    "description": ""
  }
},
{
  "model": "company.event_schedule",
  "pk": 3,
  "fields": {
    "event": 16,
    "date": "2024-09-24",
    "start_time": "08:24:50",
    "end_time": "08:24:52",
    "description": "Day 1"
  }
},
{
  "model": "company.event_schedule",
  "pk": 4,
  "fields": {
    "event": 16,
    "date": "2024-09-19",
    "start_time": "08:30:36",
    "end_time": "08:30:38",
    "description": "Day 2"
  }
},
{
  "model": "company.event_schedule",
  "pk": 5,
  "fields": {
    "event": 22,
    "date": "2024-09-25",
    "start_time": "11:36:43",
    "end_time": "11:36:44",
    "description": "Day 1"
  }
},
{
  "model": "company.event_schedule",
  "pk": 6,
  "fields": {
    "event": 22,
    "date": "2024-09-26",
    "start_time": "11:36:51",
    "end_time": "11:36:52",
    "description": "Day 2"
  }
},
{
  "model": "company.event_schedule",
  "pk": 7,
  "fields": {
    "event": 16,
    "date": "2024-09-26",
    "start_time": null,
    "end_time": null,
    "description": ""
  }
},
{
  "model": "company.event_schedule",
  "pk": 8,
  "fields": {
    "event": 16,
    "date": "2024-09-26",
    "start_time": null,
    "end_time": null,
    "description": ""
  }
},
{
  "model": "company.event_schedule",
  "pk": 9,
  "fields": {
    "event": 9,
    "date": "2024-12-25",
    "start_time": "12:54:17",
    "end_time": "12:54:17",
    "description": ""
  }
},
{
  "model": "company.event_schedule",
  "pk": 10,
  "fields": {
    "event": 9,
    "date": "2024-12-27",
    "start_time": "16:07:34",
    "end_time": "16:07:34",
    "description": ""
  }
},
{
  "model": "company.event_schedule",
  "pk": 11,
  "fields": {
    "event": 12,
    "date": "2024-09-05",
    "start_time": "13:10:24",
    "end_time": "13:10:25",
    "description": ""
  }
},
{
  "model": "company.event_schedule",
  "pk": 12,
  "fields": {
    "event": 14,
    "date": "2024-09-01",
    "start_time": "13:38:17",
    "end_time": "13:38:18",
    "description": ""
  }
},
{
  "model": "company.event_schedule",
  "pk": 13,
  "fields": {
    "event": 14,
    "date": "2024-09-26",
    "start_time": null,
    "end_time": null,
    "description": ""
  }
},
{
  "model": "company.event_schedule",
  "pk": 14,
  "fields": {
    "event": 13,
    "date": "2024-09-25",
    "start_time": "13:54:42",
    "end_time": "13:54:42",
    "description": ""
  }
},
{
  "model": "company.event_schedule",
  "pk": 15,
  "fields": {
    "event": 10,
    "date": "2024-09-03",
    "start_time": "13:58:13",
    "end_time": "13:58:16",
    "description": ""
  }
},
{
  "model": "company.event_schedule",
  "pk": 16,
  "fields": {
    "event": 10,
    "date": "2024-09-26",
    "start_time": null,
    "end_time": null,
    "description": ""
  }
},
{
  "model": "company.event_schedule",
  "pk": 17,
  "fields": {
    "event": 13,
    "date": "2024-09-26",
    "start_time": null,
    "end_time": null,
    "description": ""
  }
},
{
  "model": "company.event_schedule",
  "pk": 18,
  "fields": {
    "event": 13,
    "date": "2024-09-26",
    "start_time": null,
    "end_time": null,
    "description": ""
  }
},
{
  "model": "company.event_schedule",
  "pk": 19,
  "fields": {
    "event": 8,
    "date": "2024-09-28",
    "start_time": null,
    "end_time": null,
    "description": ""
  }
},
{
  "model": "company.event_schedule",
  "pk": 20,
  "fields": {
    "event": 9,
    "date": "2024-11-15",
    "start_time": "16:07:43",
    "end_time": "16:07:43",
    "description": ""
  }
},
{
  "model": "company.event_schedule",
  "pk": 21,
  "fields": {
    "event": 4,
    "date": "2024-09-28",
    "start_time": "13:10:00",
    "end_time": "13:10:00",
    "description": ""
  }
},
{
  "model": "company.event_schedule",
  "pk": 22,
  "fields": {
    "event": 5,
    "date": "2024-09-27",
    "start_time": "13:10:12",
    "end_time": "13:10:13",
    "description": ""
  }
},
{
  "model": "company.event_schedule",
  "pk": 23,
  "fields": {
    "event": 12,
    "date": "2024-09-27",
    "start_time": null,
    "end_time": null,
    "description": ""
  }
},
{
  "model": "company.event_schedule",
  "pk": 24,
  "fields": {
    "event": 11,
    "date": "2024-09-27",
    "start_time": "13:11:54",
    "end_time": "13:11:55",
    "description": ""
  }
},
{
  "model": "company.event_schedule",
  "pk": 25,
  "fields": {
    "event": 22,
    "date": "2024-11-12",
    "start_time": null,
    "end_time": null,
    "description": ""
  }
},
{
  "model": "company.event_media",
  "pk": 51,
  "fields": {
    "event": 16,
    "media_type": "photo",
    "file": "events_media/Partyy/images/ajaja.jpg",
    "caption": "ajaja"
  }
},
{
  "model": "company.event_media",
  "pk": 52,
  "fields": {
    "event": 16,
    "media_type": "video",
    "file": "events_media/Partyy/videos/1.mp4",
    "caption": "hahaha"
  }
},
{
  "model": "company.event_media",
  "pk": 53,
  "fields": {
    "event": 16,
    "media_type": "video",
    "file": "events_media/Partyy/videos/dszdsaa.mp4",
    "caption": "dszdsaa"
  }
},
{
  "model": "company.event_media",
  "pk": 54,
  "fields": {
    "event": 9,
    "media_type": "photo",
    "file": "events_media/Christmas Party/images/aha.png",
    "caption": "aha"
  }
},
{
  "model": "company.event_media",
  "pk": 55,
  "fields": {
    "event": 9,
    "media_type": "video",
    "file": "events_media/Christmas Party/videos/haha.mp4",
    "caption": "haha"
  }
},
{
  "model": "company.event_media",
  "pk": 56,
  "fields": {
    "event": 10,
    "media_type": "photo",
    "file": "events_media/Halloween Party/images/ghjuhj.PNG",
    "caption": "ghjuhj"
  }
},
{
  "model": "company.event_media",
  "pk": 57,
  "fields": {
    "event": 4,
    "media_type": "photo",
    "file": "events_media/Sample Event/images/hk.jpg",
    "caption": "hk"
  }
},
{
  "model": "company.event_media",
  "pk": 58,
  "fields": {
    "event": 4,
    "media_type": "video",
    "file": "events_media/Sample Event/videos/lk.mp4",
    "caption": "l;k;"
  }
},
{
  "model": "company.event_media",
  "pk": 59,
  "fields": {
    "event": 16,
    "media_type": "photo",
    "file": "events_media/Partyy/images/freestock_2991094.jpg",
    "caption": null
  }
},
{
  "model": "company.event_media",
  "pk": 60,
  "fields": {
    "event": 16,
    "media_type": "photo",
    "file": "events_media/Partyy/images/sked.png",
    "caption": null
  }
},
{
  "model": "company.event_media",
  "pk": 61,
  "fields": {
    "event": 16,
    "media_type": "photo",
    "file": "events_media/Partyy/images/496-square.png-500h.png",
    "caption": null
  }
},
{
  "model": "company.event_media",
  "pk": 62,
  "fields": {
    "event": 16,
    "media_type": "photo",
    "file": "events_media/Partyy/images/183-square.png-500h.png",
    "caption": null
  }
},
{
  "model": "company.event_media",
  "pk": 63,
  "fields": {
    "event": 16,
    "media_type": "photo",
    "file": "events_media/Partyy/images/398-square.png-500h.png",
    "caption": null
  }
},
{
  "model": "company.event_media",
  "pk": 64,
  "fields": {
    "event": 16,
    "media_type": "video",
    "file": "events_media/Partyy/videos/2.mp4",
    "caption": null
  }
},
{
  "model": "company.event_media",
  "pk": 65,
  "fields": {
    "event": 16,
    "media_type": "photo",
    "file": "events_media/Partyy/images/69-square.png-500h.png",
    "caption": null
  }
},
{
  "model": "company.event_media",
  "pk": 66,
  "fields": {
    "event": 16,
    "media_type": "photo",
    "file": "events_media/Partyy/images/freestock_2_FQY1pHG.jpg",
    "caption": null
  }
},
{
  "model": "company.event_media",
  "pk": 67,
  "fields": {
    "event": 16,
    "media_type": "photo",
    "file": "events_media/Partyy/images/183-square._v6chSzx.png",
    "caption": null
  }
},
{
  "model": "company.event_media",
  "pk": 68,
  "fields": {
    "event": 16,
    "media_type": "photo",
    "file": "events_media/Partyy/images/dummy-profi_BNlKAg8.png",
    "caption": null
  }
},
{
  "model": "company.event_media",
  "pk": 69,
  "fields": {
    "event": 16,
    "media_type": "video",
    "file": "events_media/Partyy/videos/1_rA778fz.mp4",
    "caption": null
  }
},
{
  "model": "company.event_media",
  "pk": 70,
  "fields": {
    "event": 16,
    "media_type": "photo",
    "file": "events_media/Partyy/images/399-square.png-500h.png",
    "caption": null
  }
},
{
  "model": "company.event_media",
  "pk": 71,
  "fields": {
    "event": 20,
    "media_type": "video",
    "file": "events_media/New Year Event Party/images/1.mp4",
    "caption": null
  }
},
{
  "model": "company.event_media",
  "pk": 72,
  "fields": {
    "event": 20,
    "media_type": "video",
    "file": "events_media/New Year Event Party/videos/1.mp4",
    "caption": null
  }
},
{
  "model": "company.event_media",
  "pk": 73,
  "fields": {
    "event": 22,
    "media_type": "photo",
    "file": "events_media/More Event/images/Capture.PNG",
    "caption": null
  }
},
{
  "model": "company.event_media",
  "pk": 74,
  "fields": {
    "event": 22,
    "media_type": "video",
    "file": "events_media/More Event/videos/dgadgad.mp4",
    "caption": "dgadgad"
  }
},
{
  "model": "company.announcement",
  "pk": 1,
  "fields": {
    "title": "New Policies",
    "content": "Lorem Ipsum is simply dummy text of the printing and typesetting industry. Lorem Ipsum has been the industry's standard dummy text ever since the 1500s, when an unknown printer took a galley of type and scrambled it to make a type specimen book. It has survived not only five centuries, but also the leap into electronic typesetting, remaining essentially unchanged. It was popularised in the 1960s with the release of Letraset sheets containing Lorem Ipsum passages, and more recently with desktop publishing software like Aldus PageMaker including versions of Lorem Ipsum.",
    "date_posted": "2024-08-23",
    "company": 1
  }
},
{
  "model": "company.announcement",
  "pk": 2,
  "fields": {
    "title": "New Schedules",
    "content": "Lorem Ipsum is simply dummy text of the printing and typesetting industry. Lorem Ipsum has been the industry's standard dummy text ever since the 1500s, when an unknown printer took a galley of type and scrambled it to make a type specimen book. It has survived not only five centuries, but also the leap into electronic typesetting, remaining essentially unchanged. It was popularised in the 1960s with the release of Letraset sheets containing Lorem Ipsum passages, and more recently with desktop publishing software like Aldus PageMaker including versions of Lorem Ipsum.",
    "date_posted": "2024-08-23",
    "company": 1
  }
},
{
  "model": "company.announcement",
  "pk": 3,
  "fields": {
    "title": "New Announcement",
    "content": "Lorem ipsum dolor sit amet, consectetur adipiscing elit. Nulla condimentum condimentum nulla, vel sodales velit condimentum in. Sed faucibus lacinia erat, eu porta lorem vestibulum non. Nulla ultricies lorem tortor, sed sodales tortor lobortis sed. Proin sed metus tellus. Nunc pharetra magna sit amet ligula malesuada faucibus. Morbi tincidunt purus non ante dignissim, vehicula vehicula elit vulputate. Maecenas ut velit condimentum, accumsan magna ac, gravida nisi. Fusce nec pulvinar dui. Proin finibus lobortis justo, eget faucibus lorem dictum in. Suspendisse neque augue, consectetur ut urna sit amet, mattis ullamcorper urna. Sed vel dui mi. Vestibulum elementum justo vel gravida blandit. Praesent tincidunt dictum eros, in sagittis lacus sodales non.",
    "date_posted": "2024-09-19",
    "company": 1
  }
},
{
  "model": "clocker.clocker",
  "pk": 1,
  "fields": {
    "user": [
      "user1"
    ],
    "time_in": "2024-08-09T03:01:08.242Z",
    "time_out": null,
    "date": "2024-08-09"
  }
},
{
  "model": "clocker.clocker",
  "pk": 2,
  "fields": {
    "user": [
      "user3"
    ],
    "time_in": "2024-08-09T05:43:08.511Z",
    "time_out": "2024-08-09T05:43:51.822Z",
    "date": "2024-08-09"
  }
},
{
  "model": "clocker.clocker",
  "pk": 3,
  "fields": {
    "user": [
      "user2"
    ],
    "time_in": "2024-08-09T08:16:16.710Z",
    "time_out": "2024-08-09T08:16:26.236Z",
    "date": "2024-08-09"
  }
},
{
  "model": "clocker.clocker",
  "pk": 4,
  "fields": {
    "user": [
      "user1"
    ],
    "time_in": "2024-08-12T00:24:37.927Z",
    "time_out": "2024-08-12T01:29:13.091Z",
    "date": "2024-08-12"
  }
},
{
  "model": "clocker.clocker",
  "pk": 5,
  "fields": {
    "user": [
      "user1"
    ],
    "time_in": "2024-08-14T02:09:05.588Z",
    "time_out": "2024-08-14T02:09:13.213Z",
    "date": "2024-08-14"
  }
},
{
  "model": "clocker.clocker",
  "pk": 6,
  "fields": {
    "user": [
      "user2"
    ],
    "time_in": "2024-08-14T08:40:43.432Z",
    "time_out": "2024-08-14T08:40:45.613Z",
    "date": "2024-08-14"
  }
},
{
  "model": "clocker.clocker",
  "pk": 7,
  "fields": {
    "user": [
      "user2"
    ],
    "time_in": "2024-08-15T00:03:36.904Z",
    "time_out": "2024-08-15T00:03:38.787Z",
    "date": "2024-08-15"
  }
},
{
  "model": "clocker.clocker",
  "pk": 8,
  "fields": {
    "user": [
      "user4"
    ],
    "time_in": "2024-08-15T00:03:54.203Z",
    "time_out": "2024-08-15T00:03:55.738Z",
    "date": "2024-08-15"
  }
},
{
  "model": "clocker.clocker",
  "pk": 9,
  "fields": {
    "user": [
      "user4"
    ],
    "time_in": "2024-08-16T00:44:51.342Z",
    "time_out": "2024-08-16T00:45:11.779Z",
    "date": "2024-08-16"
  }
},
{
  "model": "clocker.clocker",
  "pk": 10,
  "fields": {
    "user": [
      "user2"
    ],
    "time_in": "2024-08-16T00:57:32.238Z",
    "time_out": "2024-08-16T00:57:35.038Z",
    "date": "2024-08-16"
  }
},
{
  "model": "clocker.clocker",
  "pk": 11,
  "fields": {
    "user": [
      "user4"
    ],
    "time_in": "2024-08-19T01:12:47.652Z",
    "time_out": "2024-08-19T01:12:50.042Z",
    "date": "2024-08-19"
  }
},
{
  "model": "clocker.clocker",
  "pk": 12,
  "fields": {
    "user": [
      "user3"
    ],
    "time_in": "2024-08-19T02:39:30.579Z",
    "time_out": "2024-08-19T02:39:33.691Z",
    "date": "2024-08-19"
  }
},
{
  "model": "clocker.clocker",
  "pk": 13,
  "fields": {
    "user": [
      "admin"
    ],
    "time_in": "2024-08-19T03:10:00.884Z",
    "time_out": "2024-08-19T03:10:03.152Z",
    "date": "2024-08-19"
  }
},
{
  "model": "clocker.clocker",
  "pk": 14,
  "fields": {
    "user": [
      "user1"
    ],
    "time_in": "2024-08-19T03:10:39.530Z",
    "time_out": "2024-08-19T03:10:42.345Z",
    "date": "2024-08-19"
  }
},
{
  "model": "clocker.clocker",
  "pk": 15,
  "fields": {
    "user": [
      "user2"
    ],
    "time_in": null,
    "time_out": "2024-08-19T07:35:50.865Z",
    "date": "2024-08-19"
  }
},
{
  "model": "clocker.clocker",
  "pk": 16,
  "fields": {
    "user": [
      "user2"
    ],
    "time_in": "2024-08-19T07:36:01.761Z",
    "time_out": null,
    "date": "2024-08-19"
  }
},
{
  "model": "clocker.clocker",
  "pk": 17,
  "fields": {
    "user": [
      "admin"
    ],
    "time_in": "2024-08-20T00:57:11.491Z",
    "time_out": "2024-08-20T00:57:14.684Z",
    "date": "2024-08-20"
  }
},
{
  "model": "clocker.clocker",
  "pk": 18,
  "fields": {
    "user": [
      "user4"
    ],
    "time_in": null,
    "time_out": "2024-08-20T01:37:36.295Z",
    "date": "2024-08-20"
  }
},
{
  "model": "clocker.clocker",
  "pk": 19,
  "fields": {
    "user": [
      "user4"
    ],
    "time_in": "2024-08-20T02:11:36.265Z",
    "time_out": null,
    "date": "2024-08-20"
  }
},
{
  "model": "clocker.clocker",
  "pk": 20,
  "fields": {
    "user": [
      "user3"
    ],
    "time_in": "2024-08-20T08:30:12.210Z",
    "time_out": "2024-08-20T08:30:57.274Z",
    "date": "2024-08-20"
  }
},
{
  "model": "clocker.clocker",
  "pk": 21,
  "fields": {
    "user": [
      "admin"
    ],
    "time_in": "2024-08-20T23:56:10.143Z",
    "time_out": "2024-08-20T23:56:13.365Z",
    "date": "2024-08-21"
  }
},
{
  "model": "clocker.clocker",
  "pk": 22,
  "fields": {
    "user": [
      "user4"
    ],
    "time_in": "2024-08-21T01:41:20.574Z",
    "time_out": "2024-08-21T01:41:25.617Z",
    "date": "2024-08-21"
  }
},
{
  "model": "clocker.clocker",
  "pk": 23,
  "fields": {
    "user": [
      "user4"
    ],
    "time_in": "2024-08-22T01:53:43.521Z",
    "time_out": "2024-08-22T01:53:45.502Z",
    "date": "2024-08-22"
  }
},
{
  "model": "clocker.clocker",
  "pk": 24,
  "fields": {
    "user": [
      "user4"
    ],
    "time_in": "2024-08-23T01:02:38.526Z",
    "time_out": "2024-08-23T01:02:53.384Z",
    "date": "2024-08-23"
  }
},
{
  "model": "clocker.clocker",
  "pk": 25,
  "fields": {
    "user": [
      "user2"
    ],
    "time_in": "2024-08-26T01:28:36.732Z",
    "time_out": "2024-08-26T01:28:47.535Z",
    "date": "2024-08-26"
  }
},
{
  "model": "clocker.clocker",
  "pk": 26,
  "fields": {
    "user": [
      "user4"
    ],
    "time_in": "2024-08-26T23:58:29.168Z",
    "time_out": null,
    "date": "2024-08-27"
  }
},
{
  "model": "clocker.clocker",
  "pk": 27,
  "fields": {
    "user": [
      "user4"
    ],
    "time_in": "2024-08-29T00:10:15.898Z",
    "time_out": "2024-08-29T00:10:18.434Z",
    "date": "2024-08-29"
  }
},
{
  "model": "clocker.clocker",
  "pk": 28,
  "fields": {
    "user": [
      "user4"
    ],
    "time_in": "2024-08-30T02:51:31.406Z",
    "time_out": "2024-08-30T02:51:33.994Z",
    "date": "2024-08-30"
  }
},
{
  "model": "clocker.clocker",
  "pk": 29,
  "fields": {
    "user": [
      "user3"
    ],
    "time_in": "2024-08-30T05:36:43.822Z",
    "time_out": "2024-08-30T05:36:58.634Z",
    "date": "2024-08-30"
  }
},
{
  "model": "clocker.clocker",
  "pk": 30,
  "fields": {
    "user": [
      "admin"
    ],
    "time_in": "2024-08-30T06:32:52.660Z",
    "time_out": "2024-08-30T06:33:01.573Z",
    "date": "2024-08-30"
  }
},
{
  "model": "clocker.clocker",
  "pk": 32,
  "fields": {
    "user": [
      "user2"
    ],
    "time_in": "2024-09-02T03:08:01.437Z",
    "time_out": "2024-09-02T03:08:36.209Z",
    "date": "2024-09-02"
  }
},
{
  "model": "clocker.clocker",
  "pk": 33,
  "fields": {
    "user": [
      "John"
    ],
    "time_in": "2024-09-02T03:10:22.271Z",
    "time_out": "2024-09-02T03:11:15.733Z",
    "date": "2024-09-02"
  }
},
{
  "model": "clocker.clocker",
  "pk": 34,
  "fields": {
    "user": [
      "admin"
    ],
    "time_in": "2024-09-03T00:53:16.825Z",
    "time_out": "2024-09-03T01:23:23.847Z",
    "date": "2024-09-03"
  }
},
{
  "model": "clocker.clocker",
  "pk": 35,
  "fields": {
    "user": [
      "user4"
    ],
    "time_in": "2024-09-03T00:58:09.526Z",
    "time_out": "2024-09-03T00:58:32.916Z",
    "date": "2024-09-03"
  }
},
{
  "model": "clocker.clocker",
  "pk": 36,
  "fields": {
    "user": [
      "user4"
    ],
    "time_in": "2024-09-04T00:26:46.931Z",
    "time_out": "2024-09-04T03:13:03.404Z",
    "date": "2024-09-04"
  }
},
{
  "model": "clocker.clocker",
  "pk": 37,
  "fields": {
    "user": [
      "admin"
    ],
    "time_in": "2024-09-05T00:10:55.619Z",
    "time_out": null,
    "date": "2024-09-05"
  }
},
{
  "model": "clocker.clocker",
  "pk": 38,
  "fields": {
    "user": [
      "user4"
    ],
    "time_in": "2024-09-05T07:39:21.477Z",
    "time_out": null,
    "date": "2024-09-05"
  }
},
{
  "model": "clocker.clocker",
  "pk": 39,
  "fields": {
    "user": [
      "user4"
    ],
    "time_in": "2024-09-06T00:50:09.581Z",
    "time_out": null,
    "date": "2024-09-06"
  }
},
{
  "model": "clocker.clocker",
  "pk": 40,
  "fields": {
    "user": [
      "user1"
    ],
    "time_in": "2024-09-09T01:24:05.229Z",
    "time_out": "2024-09-09T01:24:22.988Z",
    "date": "2024-09-09"
  }
},
{
  "model": "clocker.clocker",
  "pk": 41,
  "fields": {
    "user": [
      "admin"
    ],
    "time_in": "2024-09-11T00:54:58.835Z",
    "time_out": "2024-09-11T02:26:36.584Z",
    "date": "2024-09-11"
  }
},
{
  "model": "clocker.clocker",
  "pk": 44,
  "fields": {
    "user": [
      "user2"
    ],
    "time_in": "2024-09-12T01:09:52.742Z",
    "time_out": null,
    "date": "2024-09-12"
  }
},
{
  "model": "clocker.clocker",
  "pk": 45,
  "fields": {
    "user": [
      "user1"
    ],
    "time_in": "2024-09-12T01:10:14.689Z",
    "time_out": null,
    "date": "2024-09-12"
  }
},
{
  "model": "clocker.clocker",
  "pk": 111,
  "fields": {
    "user": [
      "admin"
    ],
    "time_in": null,
    "time_out": "2024-09-13T02:22:02.300Z",
    "date": "2024-09-13"
  }
},
{
  "model": "clocker.clocker",
  "pk": 115,
  "fields": {
    "user": [
      "user2"
    ],
    "time_in": "2024-09-17T06:08:23.471Z",
    "time_out": null,
    "date": "2024-09-17"
  }
},
{
  "model": "clocker.clocker",
  "pk": 116,
  "fields": {
    "user": [
      "admin"
    ],
    "time_in": "2024-09-19T02:39:19.855Z",
    "time_out": "2024-09-19T07:49:23.762Z",
    "date": "2024-09-19"
  }
},
{
  "model": "clocker.clocker",
  "pk": 117,
  "fields": {
    "user": [
      "admin"
    ],
    "time_in": "2024-09-20T00:05:32.188Z",
    "time_out": null,
    "date": "2024-09-20"
  }
},
{
  "model": "clocker.clocker",
  "pk": 118,
  "fields": {
    "user": [
      "user4"
    ],
    "time_in": null,
    "time_out": "2024-09-20T06:05:23.507Z",
    "date": "2024-09-20"
  }
},
{
  "model": "clocker.clocker",
  "pk": 119,
  "fields": {
    "user": [
      "user4"
    ],
    "time_in": "2024-09-20T08:35:36.926Z",
    "time_out": null,
    "date": "2024-09-20"
  }
},
{
  "model": "clocker.clocker",
  "pk": 120,
  "fields": {
    "user": [
      "user1"
    ],
    "time_in": "2024-09-21T00:28:03.588Z",
    "time_out": "2024-09-21T00:28:06.164Z",
    "date": "2024-09-21"
  }
},
{
  "model": "clocker.clocker",
  "pk": 121,
  "fields": {
    "user": [
      "user4"
    ],
    "time_in": "2024-09-21T05:39:34.146Z",
    "time_out": null,
    "date": "2024-09-21"
  }
},
{
  "model": "clocker.clocker",
  "pk": 122,
  "fields": {
    "user": [
      "user4"
    ],
    "time_in": "2024-09-25T08:33:27.857Z",
    "time_out": "2024-09-25T08:33:38.852Z",
    "date": "2024-09-25"
  }
},
{
  "model": "clocker.clocker",
  "pk": 123,
  "fields": {
    "user": [
      "user4"
    ],
    "time_in": "2024-09-26T08:45:26.328Z",
    "time_out": "2024-09-26T08:49:29.938Z",
    "date": "2024-09-26"
  }
},
{
  "model": "clocker.clocker",
  "pk": 134,
  "fields": {
    "user": [
      "user4"
    ],
    "time_in": "2024-09-29T00:54:34.795Z",
    "time_out": "2024-09-29T00:54:49.434Z",
    "date": "2024-09-29"
  }
},
{
  "model": "clocker.clocker",
  "pk": 135,
  "fields": {
    "user": [
      "admin"
    ],
    "time_in": "2024-11-12T06:40:56.812Z",
    "time_out": null,
    "date": "2024-11-12"
  }
},
{
  "model": "clocker.clocker",
  "pk": 136,
  "fields": {
    "user": [
      "admin"
    ],
    "time_in": null,
    "time_out": "2024-11-13T00:04:13.172Z",
    "date": "2024-11-13"
  }
},
{
  "model": "clocker.clocker",
  "pk": 137,
  "fields": {
    "user": [
      "admin"
    ],
    "time_in": "2024-11-13T00:04:16.405Z",
    "time_out": "2024-11-13T00:04:21.656Z",
    "date": "2024-11-13"
  }
},
{
  "model": "admin.logentry",
  "pk": 1,
  "fields": {
    "action_time": "2024-09-19T05:12:16.905Z",
    "user": [
      "admin"
    ],
    "content_type": [
      "employee",
      "userprofile"
    ],
    "object_id": "120",
    "object_repr": "User One",
    "action_flag": 2,
    "change_message": "[{\"changed\": {\"fields\": [\"User shift\", \"Department\"]}}]"
  }
},
{
  "model": "admin.logentry",
  "pk": 2,
  "fields": {
    "action_time": "2024-09-19T08:00:54.004Z",
    "user": [
      "admin"
    ],
    "content_type": [
      "company",
      "announcement"
    ],
    "object_id": "3",
    "object_repr": "cxcx",
    "action_flag": 1,
    "change_message": "[{\"added\": {}}]"
  }
},
{
  "model": "admin.logentry",
  "pk": 3,
  "fields": {
    "action_time": "2024-09-21T00:34:07.572Z",
    "user": [
      "admin"
    ],
    "content_type": [
      "company",
      "event"
    ],
    "object_id": "16",
    "object_repr": "Partyy",
    "action_flag": 2,
    "change_message": "[{\"added\": {\"name\": \"event_ media\", \"object\": \"Photo 59\"}}, {\"added\": {\"name\": \"event_ media\", \"object\": \"Photo 60\"}}, {\"added\": {\"name\": \"event_ media\", \"object\": \"Photo 61\"}}, {\"added\": {\"name\": \"event_ media\", \"object\": \"Photo 62\"}}, {\"added\": {\"name\": \"event_ media\", \"object\": \"Photo 63\"}}, {\"added\": {\"name\": \"event_ media\", \"object\": \"Video 64\"}}, {\"added\": {\"name\": \"event_ media\", \"object\": \"Photo 65\"}}, {\"added\": {\"name\": \"event_ media\", \"object\": \"Photo 66\"}}, {\"added\": {\"name\": \"event_ media\", \"object\": \"Photo 67\"}}, {\"added\": {\"name\": \"event_ media\", \"object\": \"Photo 68\"}}, {\"added\": {\"name\": \"event_ media\", \"object\": \"Video 69\"}}, {\"added\": {\"name\": \"event_ media\", \"object\": \"Photo 70\"}}]"
  }
},
{
  "model": "admin.logentry",
  "pk": 4,
  "fields": {
    "action_time": "2024-09-21T00:35:50.861Z",
    "user": [
      "admin"
    ],
    "content_type": [
      "company",
      "event"
    ],
    "object_id": "16",
    "object_repr": "Partyy",
    "action_flag": 2,
    "change_message": "[{\"changed\": {\"name\": \"event_ media\", \"object\": \"Video 69\", \"fields\": [\"File\"]}}]"
  }
},
{
  "model": "admin.logentry",
  "pk": 5,
  "fields": {
    "action_time": "2024-09-21T01:54:08.130Z",
    "user": [
      "admin"
    ],
    "content_type": [
      "auth",
      "user"
    ],
    "object_id": "125",
    "object_repr": "user5",
    "action_flag": 1,
    "change_message": "[{\"added\": {}}]"
  }
},
{
  "model": "admin.logentry",
  "pk": 6,
  "fields": {
    "action_time": "2024-09-21T01:54:25.787Z",
    "user": [
      "admin"
    ],
    "content_type": [
      "auth",
      "user"
    ],
    "object_id": "125",
    "object_repr": "user5",
    "action_flag": 2,
    "change_message": "[{\"changed\": {\"fields\": [\"First name\", \"Last name\"]}}]"
  }
},
{
  "model": "admin.logentry",
  "pk": 7,
  "fields": {
    "action_time": "2024-09-21T02:15:52.710Z",
    "user": [
      "admin"
    ],
    "content_type": [
      "employee",
      "userprofile"
    ],
    "object_id": "125",
    "object_repr": "User Five",
    "action_flag": 2,
    "change_message": "[]"
  }
},
{
  "model": "admin.logentry",
  "pk": 8,
  "fields": {
    "action_time": "2024-09-21T02:34:23.581Z",
    "user": [
      "admin"
    ],
    "content_type": [
      "company",
      "company"
    ],
    "object_id": "1",
    "object_repr": "MacroHard",
    "action_flag": 2,
    "change_message": "[{\"changed\": {\"fields\": [\"Hero image1\"]}}]"
  }
},
{
  "model": "admin.logentry",
  "pk": 9,
  "fields": {
    "action_time": "2024-09-21T03:04:23.677Z",
    "user": [
      "admin"
    ],
    "content_type": [
      "company",
      "company"
    ],
    "object_id": "1",
    "object_repr": "MacroHard",
    "action_flag": 2,
    "change_message": "[]"
  }
},
{
  "model": "admin.logentry",
  "pk": 10,
  "fields": {
    "action_time": "2024-09-21T03:24:26.018Z",
    "user": [
      "admin"
    ],
    "content_type": [
      "company",
      "company"
    ],
    "object_id": "1",
    "object_repr": "MacroHard",
    "action_flag": 2,
    "change_message": "[{\"changed\": {\"fields\": [\"Hero image2\"]}}]"
  }
},
{
  "model": "admin.logentry",
  "pk": 11,
  "fields": {
    "action_time": "2024-09-21T03:25:27.465Z",
    "user": [
      "admin"
    ],
    "content_type": [
      "company",
      "company"
    ],
    "object_id": "1",
    "object_repr": "MacroHard",
    "action_flag": 2,
    "change_message": "[{\"changed\": {\"fields\": [\"Hero image3\"]}}]"
  }
},
{
  "model": "admin.logentry",
  "pk": 12,
  "fields": {
    "action_time": "2024-09-21T04:50:26.849Z",
    "user": [
      "admin"
    ],
    "content_type": [
      "company",
      "company"
    ],
    "object_id": "1",
    "object_repr": "MacroHard",
    "action_flag": 2,
    "change_message": "[{\"changed\": {\"fields\": [\"Hero image1\", \"Hero image2\", \"Hero image3\"]}}]"
  }
},
{
  "model": "admin.logentry",
  "pk": 13,
  "fields": {
    "action_time": "2024-09-21T05:27:39.026Z",
    "user": [
      "admin"
    ],
    "content_type": [
      "company",
      "company"
    ],
    "object_id": "1",
    "object_repr": "MacroHard",
    "action_flag": 2,
    "change_message": "[]"
  }
},
{
  "model": "admin.logentry",
  "pk": 14,
  "fields": {
    "action_time": "2024-09-21T05:30:37.080Z",
    "user": [
      "admin"
    ],
    "content_type": [
      "company",
      "company"
    ],
    "object_id": "1",
    "object_repr": "MacroHard",
    "action_flag": 2,
    "change_message": "[{\"changed\": {\"fields\": [\"Hero image1\"]}}]"
  }
},
{
  "model": "admin.logentry",
  "pk": 15,
  "fields": {
    "action_time": "2024-09-21T05:30:50.992Z",
    "user": [
      "admin"
    ],
    "content_type": [
      "company",
      "company"
    ],
    "object_id": "1",
    "object_repr": "MacroHard",
    "action_flag": 2,
    "change_message": "[{\"changed\": {\"fields\": [\"Hero image2\"]}}]"
  }
},
{
  "model": "admin.logentry",
  "pk": 16,
  "fields": {
    "action_time": "2024-09-21T05:31:35.464Z",
    "user": [
      "admin"
    ],
    "content_type": [
      "company",
      "company"
    ],
    "object_id": "1",
    "object_repr": "MacroHard",
    "action_flag": 2,
    "change_message": "[{\"changed\": {\"fields\": [\"Hero image1\", \"Hero image2\"]}}]"
  }
},
{
  "model": "admin.logentry",
  "pk": 17,
  "fields": {
    "action_time": "2024-09-21T05:38:15.630Z",
    "user": [
      "admin"
    ],
    "content_type": [
      "company",
      "company"
    ],
    "object_id": "1",
    "object_repr": "MacroHard",
    "action_flag": 2,
    "change_message": "[{\"changed\": {\"fields\": [\"Hero image1\", \"Hero image2\"]}}]"
  }
},
{
  "model": "admin.logentry",
  "pk": 18,
  "fields": {
    "action_time": "2024-09-21T05:48:27.303Z",
    "user": [
      "admin"
    ],
    "content_type": [
      "employee",
      "userprofile"
    ],
    "object_id": "125",
    "object_repr": "User Five",
    "action_flag": 2,
    "change_message": "[{\"changed\": {\"fields\": [\"User shift\", \"Department\", \"Contact\", \"Hire date\"]}}]"
  }
},
{
  "model": "admin.logentry",
  "pk": 19,
  "fields": {
    "action_time": "2024-09-21T05:48:38.087Z",
    "user": [
      "admin"
    ],
    "content_type": [
      "employee",
      "userprofile"
    ],
    "object_id": "124",
    "object_repr": "John Smith",
    "action_flag": 2,
    "change_message": "[{\"changed\": {\"fields\": [\"User shift\", \"Department\"]}}]"
  }
},
{
  "model": "admin.logentry",
  "pk": 20,
  "fields": {
    "action_time": "2024-09-21T05:48:51.731Z",
    "user": [
      "admin"
    ],
    "content_type": [
      "employee",
      "userprofile"
    ],
    "object_id": "123",
    "object_repr": "User Four",
    "action_flag": 2,
    "change_message": "[{\"changed\": {\"fields\": [\"User shift\", \"Department\"]}}]"
  }
},
{
  "model": "admin.logentry",
  "pk": 21,
  "fields": {
    "action_time": "2024-09-21T05:49:08.987Z",
    "user": [
      "admin"
    ],
    "content_type": [
      "employee",
      "userprofile"
    ],
    "object_id": "122",
    "object_repr": "gwapo ko",
    "action_flag": 2,
    "change_message": "[{\"changed\": {\"fields\": [\"User shift\", \"Department\"]}}]"
  }
},
{
  "model": "admin.logentry",
  "pk": 22,
  "fields": {
    "action_time": "2024-09-21T05:49:15.640Z",
    "user": [
      "admin"
    ],
    "content_type": [
      "employee",
      "userprofile"
    ],
    "object_id": "121",
    "object_repr": "User Two",
    "action_flag": 2,
    "change_message": "[{\"changed\": {\"fields\": [\"User shift\", \"Department\"]}}]"
  }
},
{
  "model": "admin.logentry",
  "pk": 23,
  "fields": {
    "action_time": "2024-09-21T05:49:26.010Z",
    "user": [
      "admin"
    ],
    "content_type": [
      "employee",
      "userprofile"
    ],
    "object_id": "119",
    "object_repr": "admin ko",
    "action_flag": 2,
    "change_message": "[{\"changed\": {\"fields\": [\"User shift\", \"Department\"]}}]"
  }
},
{
  "model": "admin.logentry",
  "pk": 24,
  "fields": {
    "action_time": "2024-09-21T05:50:11.907Z",
    "user": [
      "admin"
    ],
    "content_type": [
      "employee",
      "userprofile"
    ],
    "object_id": "120",
    "object_repr": "User One",
    "action_flag": 2,
    "change_message": "[]"
  }
},
{
  "model": "admin.logentry",
  "pk": 25,
  "fields": {
    "action_time": "2024-09-21T06:07:29.483Z",
    "user": [
      "admin"
    ],
    "content_type": [
      "company",
      "department"
    ],
    "object_id": "2",
    "object_repr": "HR",
    "action_flag": 2,
    "change_message": "[{\"changed\": {\"fields\": [\"Department head\"]}}]"
  }
},
{
  "model": "admin.logentry",
  "pk": 26,
  "fields": {
    "action_time": "2024-09-21T06:07:44.522Z",
    "user": [
      "admin"
    ],
    "content_type": [
      "company",
      "department"
    ],
    "object_id": "1",
    "object_repr": "IT",
    "action_flag": 2,
    "change_message": "[{\"changed\": {\"fields\": [\"Department head\"]}}]"
  }
},
{
  "model": "admin.logentry",
  "pk": 27,
  "fields": {
    "action_time": "2024-09-21T06:19:16.233Z",
    "user": [
      "admin"
    ],
    "content_type": [
      "company",
      "event"
    ],
    "object_id": "20",
    "object_repr": "New Year Event Party",
    "action_flag": 2,
    "change_message": "[{\"added\": {\"name\": \"event_ media\", \"object\": \"Photo 71\"}}]"
  }
},
{
  "model": "admin.logentry",
  "pk": 28,
  "fields": {
    "action_time": "2024-09-21T06:21:38.456Z",
    "user": [
      "admin"
    ],
    "content_type": [
      "company",
      "event"
    ],
    "object_id": "20",
    "object_repr": "New Year Event Party",
    "action_flag": 2,
    "change_message": "[{\"changed\": {\"name\": \"event_ media\", \"object\": \"Video 71\", \"fields\": [\"Media type\"]}}]"
  }
},
{
  "model": "admin.logentry",
  "pk": 29,
  "fields": {
    "action_time": "2024-09-21T06:22:43.608Z",
    "user": [
      "admin"
    ],
    "content_type": [
      "company",
      "event"
    ],
    "object_id": "20",
    "object_repr": "New Year Event Party",
    "action_flag": 2,
    "change_message": "[{\"added\": {\"name\": \"event_ media\", \"object\": \"Video 72\"}}]"
  }
},
{
  "model": "admin.logentry",
  "pk": 30,
  "fields": {
    "action_time": "2024-09-24T02:57:56.089Z",
    "user": [
      "admin"
    ],
    "content_type": [
      "company",
      "event"
    ],
    "object_id": "16",
    "object_repr": "Partyy",
    "action_flag": 2,
    "change_message": "[]"
  }
},
{
  "model": "admin.logentry",
  "pk": 31,
  "fields": {
    "action_time": "2024-09-24T03:06:36.466Z",
    "user": [
      "admin"
    ],
    "content_type": [
      "company",
      "event"
    ],
    "object_id": "16",
    "object_repr": "Partyy",
    "action_flag": 2,
    "change_message": "[{\"changed\": {\"fields\": [\"Event dates\"]}}]"
  }
},
{
  "model": "admin.logentry",
  "pk": 32,
  "fields": {
    "action_time": "2024-09-24T03:13:03.082Z",
    "user": [
      "admin"
    ],
    "content_type": [
      "company",
      "event"
    ],
    "object_id": "16",
    "object_repr": "Partyy",
    "action_flag": 2,
    "change_message": "[]"
  }
},
{
  "model": "admin.logentry",
  "pk": 33,
  "fields": {
    "action_time": "2024-09-24T03:32:36.174Z",
    "user": [
      "admin"
    ],
    "content_type": [
      "company",
      "event"
    ],
    "object_id": "16",
    "object_repr": "Partyy",
    "action_flag": 2,
    "change_message": "[]"
  }
},
{
  "model": "admin.logentry",
  "pk": 34,
  "fields": {
    "action_time": "2024-09-24T03:32:57.248Z",
    "user": [
      "admin"
    ],
    "content_type": [
      "company",
      "event"
    ],
    "object_id": "16",
    "object_repr": "Partyy",
    "action_flag": 2,
    "change_message": "[]"
  }
},
{
  "model": "admin.logentry",
  "pk": 35,
  "fields": {
    "action_time": "2024-09-24T03:33:37.387Z",
    "user": [
      "admin"
    ],
    "content_type": [
      "company",
      "event"
    ],
    "object_id": "16",
    "object_repr": "Partyy",
    "action_flag": 2,
    "change_message": "[]"
  }
},
{
  "model": "admin.logentry",
  "pk": 36,
  "fields": {
    "action_time": "2024-09-24T03:55:04.140Z",
    "user": [
      "admin"
    ],
    "content_type": [
      "company",
      "event"
    ],
    "object_id": "16",
    "object_repr": "Partyy",
    "action_flag": 2,
    "change_message": "[{\"changed\": {\"fields\": [\"Event dates\"]}}]"
  }
},
{
  "model": "admin.logentry",
  "pk": 37,
  "fields": {
    "action_time": "2024-09-24T03:56:11.046Z",
    "user": [
      "admin"
    ],
    "content_type": [
      "company",
      "event"
    ],
    "object_id": "16",
    "object_repr": "Partyy",
    "action_flag": 2,
    "change_message": "[{\"changed\": {\"fields\": [\"Event dates\"]}}]"
  }
},
{
  "model": "admin.logentry",
  "pk": 38,
  "fields": {
    "action_time": "2024-09-24T03:56:26.479Z",
    "user": [
      "admin"
    ],
    "content_type": [
      "company",
      "event"
    ],
    "object_id": "16",
    "object_repr": "Partyy",
    "action_flag": 2,
    "change_message": "[{\"changed\": {\"fields\": [\"Event dates\"]}}]"
  }
},
{
  "model": "admin.logentry",
  "pk": 39,
  "fields": {
    "action_time": "2024-09-24T03:56:57.081Z",
    "user": [
      "admin"
    ],
    "content_type": [
      "company",
      "event"
    ],
    "object_id": "16",
    "object_repr": "Partyy",
    "action_flag": 2,
    "change_message": "[{\"changed\": {\"fields\": [\"Event dates\"]}}]"
  }
},
{
  "model": "admin.logentry",
  "pk": 40,
  "fields": {
    "action_time": "2024-09-24T03:57:58.734Z",
    "user": [
      "admin"
    ],
    "content_type": [
      "company",
      "event"
    ],
    "object_id": "16",
    "object_repr": "Partyy",
    "action_flag": 2,
    "change_message": "[{\"changed\": {\"fields\": [\"Event dates\"]}}]"
  }
},
{
  "model": "admin.logentry",
  "pk": 41,
  "fields": {
    "action_time": "2024-09-24T03:58:39.164Z",
    "user": [
      "admin"
    ],
    "content_type": [
      "company",
      "event"
    ],
    "object_id": "20",
    "object_repr": "New Year Event Party",
    "action_flag": 2,
    "change_message": "[]"
  }
},
{
  "model": "admin.logentry",
  "pk": 42,
  "fields": {
    "action_time": "2024-09-24T03:59:02.513Z",
    "user": [
      "admin"
    ],
    "content_type": [
      "company",
      "event"
    ],
    "object_id": "20",
    "object_repr": "New Year Event Party",
    "action_flag": 2,
    "change_message": "[]"
  }
},
{
  "model": "admin.logentry",
  "pk": 43,
  "fields": {
    "action_time": "2024-09-24T03:59:30.271Z",
    "user": [
      "admin"
    ],
    "content_type": [
      "company",
      "event"
    ],
    "object_id": "20",
    "object_repr": "New Year Event Party",
    "action_flag": 2,
    "change_message": "[]"
  }
},
{
  "model": "admin.logentry",
  "pk": 44,
  "fields": {
    "action_time": "2024-09-24T05:16:50.564Z",
    "user": [
      "admin"
    ],
    "content_type": [
      "company",
      "event"
    ],
    "object_id": "20",
    "object_repr": "New Year Event Party",
    "action_flag": 2,
    "change_message": "[]"
  }
},
{
  "model": "admin.logentry",
  "pk": 45,
  "fields": {
    "action_time": "2024-09-24T05:17:41.322Z",
    "user": [
      "admin"
    ],
    "content_type": [
      "company",
      "event"
    ],
    "object_id": "20",
    "object_repr": "New Year Event Party",
    "action_flag": 2,
    "change_message": "[]"
  }
},
{
  "model": "admin.logentry",
  "pk": 46,
  "fields": {
    "action_time": "2024-09-24T05:28:47.752Z",
    "user": [
      "admin"
    ],
    "content_type": [
      "company",
      "event"
    ],
    "object_id": "20",
    "object_repr": "New Year Event Party",
    "action_flag": 2,
    "change_message": "[]"
  }
},
{
  "model": "admin.logentry",
  "pk": 47,
  "fields": {
    "action_time": "2024-09-24T05:32:38.216Z",
    "user": [
      "admin"
    ],
    "content_type": [
      "company",
      "event"
    ],
    "object_id": "20",
    "object_repr": "New Year Event Party",
    "action_flag": 2,
    "change_message": "[]"
  }
},
{
  "model": "admin.logentry",
  "pk": 48,
  "fields": {
    "action_time": "2024-09-24T05:33:36.118Z",
    "user": [
      "admin"
    ],
    "content_type": [
      "company",
      "event"
    ],
    "object_id": "20",
    "object_repr": "New Year Event Party",
    "action_flag": 2,
    "change_message": "[]"
  }
},
{
  "model": "admin.logentry",
  "pk": 49,
  "fields": {
    "action_time": "2024-09-24T05:34:00.034Z",
    "user": [
      "admin"
    ],
    "content_type": [
      "company",
      "event"
    ],
    "object_id": "20",
    "object_repr": "New Year Event Party",
    "action_flag": 2,
    "change_message": "[]"
  }
},
{
  "model": "admin.logentry",
  "pk": 50,
  "fields": {
    "action_time": "2024-09-24T05:37:28.418Z",
    "user": [
      "admin"
    ],
    "content_type": [
      "company",
      "event"
    ],
    "object_id": "20",
    "object_repr": "New Year Event Party",
    "action_flag": 2,
    "change_message": "[]"
  }
},
{
  "model": "admin.logentry",
  "pk": 51,
  "fields": {
    "action_time": "2024-09-24T05:39:45.025Z",
    "user": [
      "admin"
    ],
    "content_type": [
      "company",
      "event"
    ],
    "object_id": "20",
    "object_repr": "New Year Event Party",
    "action_flag": 2,
    "change_message": "[]"
  }
},
{
  "model": "admin.logentry",
  "pk": 52,
  "fields": {
    "action_time": "2024-09-24T05:46:12.407Z",
    "user": [
      "admin"
    ],
    "content_type": [
      "company",
      "event"
    ],
    "object_id": "20",
    "object_repr": "New Year Event Party",
    "action_flag": 2,
    "change_message": "[{\"changed\": {\"fields\": [\"Event dates\"]}}]"
  }
},
{
  "model": "admin.logentry",
  "pk": 53,
  "fields": {
    "action_time": "2024-09-24T05:46:23.676Z",
    "user": [
      "admin"
    ],
    "content_type": [
      "company",
      "event"
    ],
    "object_id": "20",
    "object_repr": "New Year Event Party",
    "action_flag": 2,
    "change_message": "[]"
  }
},
{
  "model": "admin.logentry",
  "pk": 54,
  "fields": {
    "action_time": "2024-09-24T05:48:08.796Z",
    "user": [
      "admin"
    ],
    "content_type": [
      "company",
      "event"
    ],
    "object_id": "20",
    "object_repr": "New Year Event Party",
    "action_flag": 2,
    "change_message": "[{\"changed\": {\"fields\": [\"Event dates\"]}}]"
  }
},
{
  "model": "admin.logentry",
  "pk": 55,
  "fields": {
    "action_time": "2024-09-24T05:48:22.515Z",
    "user": [
      "admin"
    ],
    "content_type": [
      "company",
      "event"
    ],
    "object_id": "20",
    "object_repr": "New Year Event Party",
    "action_flag": 2,
    "change_message": "[]"
  }
},
{
  "model": "admin.logentry",
  "pk": 56,
  "fields": {
    "action_time": "2024-09-24T05:51:47.156Z",
    "user": [
      "admin"
    ],
    "content_type": [
      "company",
      "event"
    ],
    "object_id": "13",
    "object_repr": "Another Event",
    "action_flag": 2,
    "change_message": "[]"
  }
},
{
  "model": "admin.logentry",
  "pk": 57,
  "fields": {
    "action_time": "2024-09-24T05:51:51.889Z",
    "user": [
      "admin"
    ],
    "content_type": [
      "company",
      "event"
    ],
    "object_id": "13",
    "object_repr": "Another Event",
    "action_flag": 2,
    "change_message": "[]"
  }
},
{
  "model": "admin.logentry",
  "pk": 58,
  "fields": {
    "action_time": "2024-09-24T05:52:02.014Z",
    "user": [
      "admin"
    ],
    "content_type": [
      "company",
      "event"
    ],
    "object_id": "13",
    "object_repr": "Another Event",
    "action_flag": 2,
    "change_message": "[]"
  }
},
{
  "model": "admin.logentry",
  "pk": 59,
  "fields": {
    "action_time": "2024-09-24T05:52:12.326Z",
    "user": [
      "admin"
    ],
    "content_type": [
      "company",
      "event"
    ],
    "object_id": "12",
    "object_repr": "Super Event",
    "action_flag": 2,
    "change_message": "[]"
  }
},
{
  "model": "admin.logentry",
  "pk": 60,
  "fields": {
    "action_time": "2024-09-24T05:59:35.558Z",
    "user": [
      "admin"
    ],
    "content_type": [
      "company",
      "event"
    ],
    "object_id": "12",
    "object_repr": "Super Event",
    "action_flag": 2,
    "change_message": "[]"
  }
},
{
  "model": "admin.logentry",
  "pk": 61,
  "fields": {
    "action_time": "2024-09-24T05:59:42.619Z",
    "user": [
      "admin"
    ],
    "content_type": [
      "company",
      "event"
    ],
    "object_id": "13",
    "object_repr": "Another Event",
    "action_flag": 2,
    "change_message": "[]"
  }
},
{
  "model": "admin.logentry",
  "pk": 62,
  "fields": {
    "action_time": "2024-09-24T05:59:50.012Z",
    "user": [
      "admin"
    ],
    "content_type": [
      "company",
      "event"
    ],
    "object_id": "13",
    "object_repr": "Another Event",
    "action_flag": 2,
    "change_message": "[]"
  }
},
{
  "model": "admin.logentry",
  "pk": 63,
  "fields": {
    "action_time": "2024-09-24T06:00:49.815Z",
    "user": [
      "admin"
    ],
    "content_type": [
      "company",
      "event"
    ],
    "object_id": "13",
    "object_repr": "Another Event",
    "action_flag": 2,
    "change_message": "[]"
  }
},
{
  "model": "admin.logentry",
  "pk": 64,
  "fields": {
    "action_time": "2024-09-24T06:00:56.537Z",
    "user": [
      "admin"
    ],
    "content_type": [
      "company",
      "event"
    ],
    "object_id": "13",
    "object_repr": "Another Event",
    "action_flag": 2,
    "change_message": "[]"
  }
},
{
  "model": "admin.logentry",
  "pk": 65,
  "fields": {
    "action_time": "2024-09-24T06:01:07.220Z",
    "user": [
      "admin"
    ],
    "content_type": [
      "company",
      "event"
    ],
    "object_id": "10",
    "object_repr": "Halloween Party",
    "action_flag": 2,
    "change_message": "[]"
  }
},
{
  "model": "admin.logentry",
  "pk": 66,
  "fields": {
    "action_time": "2024-09-24T06:02:11.691Z",
    "user": [
      "admin"
    ],
    "content_type": [
      "company",
      "event"
    ],
    "object_id": "5",
    "object_repr": "Event 3",
    "action_flag": 2,
    "change_message": "[]"
  }
},
{
  "model": "admin.logentry",
  "pk": 67,
  "fields": {
    "action_time": "2024-09-24T06:03:19.426Z",
    "user": [
      "admin"
    ],
    "content_type": [
      "company",
      "event"
    ],
    "object_id": "5",
    "object_repr": "Event 3",
    "action_flag": 2,
    "change_message": "[]"
  }
},
{
  "model": "admin.logentry",
  "pk": 68,
  "fields": {
    "action_time": "2024-09-24T06:03:43.253Z",
    "user": [
      "admin"
    ],
    "content_type": [
      "company",
      "event"
    ],
    "object_id": "5",
    "object_repr": "Event 3",
    "action_flag": 2,
    "change_message": "[{\"changed\": {\"fields\": [\"Event dates\"]}}]"
  }
},
{
  "model": "admin.logentry",
  "pk": 69,
  "fields": {
    "action_time": "2024-09-24T06:03:48.358Z",
    "user": [
      "admin"
    ],
    "content_type": [
      "company",
      "event"
    ],
    "object_id": "5",
    "object_repr": "Event 3",
    "action_flag": 2,
    "change_message": "[]"
  }
},
{
  "model": "admin.logentry",
  "pk": 70,
  "fields": {
    "action_time": "2024-09-24T06:04:03.664Z",
    "user": [
      "admin"
    ],
    "content_type": [
      "company",
      "event"
    ],
    "object_id": "5",
    "object_repr": "Event 3",
    "action_flag": 2,
    "change_message": "[]"
  }
},
{
  "model": "admin.logentry",
  "pk": 71,
  "fields": {
    "action_time": "2024-09-24T06:04:28.267Z",
    "user": [
      "admin"
    ],
    "content_type": [
      "company",
      "event"
    ],
    "object_id": "5",
    "object_repr": "Event 3",
    "action_flag": 2,
    "change_message": "[]"
  }
},
{
  "model": "admin.logentry",
  "pk": 72,
  "fields": {
    "action_time": "2024-09-24T06:05:00.912Z",
    "user": [
      "admin"
    ],
    "content_type": [
      "company",
      "event"
    ],
    "object_id": "5",
    "object_repr": "Event 3",
    "action_flag": 2,
    "change_message": "[]"
  }
},
{
  "model": "admin.logentry",
  "pk": 73,
  "fields": {
    "action_time": "2024-09-24T06:05:08.656Z",
    "user": [
      "admin"
    ],
    "content_type": [
      "company",
      "event"
    ],
    "object_id": "5",
    "object_repr": "Event 3",
    "action_flag": 2,
    "change_message": "[]"
  }
},
{
  "model": "admin.logentry",
  "pk": 74,
  "fields": {
    "action_time": "2024-09-24T06:05:37.137Z",
    "user": [
      "admin"
    ],
    "content_type": [
      "company",
      "event"
    ],
    "object_id": "5",
    "object_repr": "Event 3",
    "action_flag": 2,
    "change_message": "[]"
  }
},
{
  "model": "admin.logentry",
  "pk": 75,
  "fields": {
    "action_time": "2024-09-24T06:06:05.279Z",
    "user": [
      "admin"
    ],
    "content_type": [
      "company",
      "event"
    ],
    "object_id": "5",
    "object_repr": "Event 3",
    "action_flag": 2,
    "change_message": "[]"
  }
},
{
  "model": "admin.logentry",
  "pk": 76,
  "fields": {
    "action_time": "2024-09-24T06:06:21.851Z",
    "user": [
      "admin"
    ],
    "content_type": [
      "company",
      "event"
    ],
    "object_id": "5",
    "object_repr": "Event 3",
    "action_flag": 2,
    "change_message": "[{\"changed\": {\"fields\": [\"Event dates\"]}}]"
  }
},
{
  "model": "admin.logentry",
  "pk": 77,
  "fields": {
    "action_time": "2024-09-24T06:06:30.649Z",
    "user": [
      "admin"
    ],
    "content_type": [
      "company",
      "event"
    ],
    "object_id": "5",
    "object_repr": "Event 3",
    "action_flag": 2,
    "change_message": "[]"
  }
},
{
  "model": "admin.logentry",
  "pk": 78,
  "fields": {
    "action_time": "2024-09-24T06:06:39.309Z",
    "user": [
      "admin"
    ],
    "content_type": [
      "company",
      "event"
    ],
    "object_id": "5",
    "object_repr": "Event 3",
    "action_flag": 2,
    "change_message": "[]"
  }
},
{
  "model": "admin.logentry",
  "pk": 79,
  "fields": {
    "action_time": "2024-09-24T06:07:25.263Z",
    "user": [
      "admin"
    ],
    "content_type": [
      "company",
      "event"
    ],
    "object_id": "5",
    "object_repr": "Event 3",
    "action_flag": 2,
    "change_message": "[]"
  }
},
{
  "model": "admin.logentry",
  "pk": 80,
  "fields": {
    "action_time": "2024-09-24T06:07:41.674Z",
    "user": [
      "admin"
    ],
    "content_type": [
      "company",
      "event"
    ],
    "object_id": "5",
    "object_repr": "Event 3",
    "action_flag": 2,
    "change_message": "[{\"changed\": {\"fields\": [\"Event dates\"]}}]"
  }
},
{
  "model": "admin.logentry",
  "pk": 81,
  "fields": {
    "action_time": "2024-09-24T06:07:50.408Z",
    "user": [
      "admin"
    ],
    "content_type": [
      "company",
      "event"
    ],
    "object_id": "5",
    "object_repr": "Event 3",
    "action_flag": 2,
    "change_message": "[]"
  }
},
{
  "model": "admin.logentry",
  "pk": 82,
  "fields": {
    "action_time": "2024-09-24T06:08:28.282Z",
    "user": [
      "admin"
    ],
    "content_type": [
      "company",
      "event"
    ],
    "object_id": "5",
    "object_repr": "Event 3",
    "action_flag": 2,
    "change_message": "[{\"changed\": {\"fields\": [\"Event dates\"]}}]"
  }
},
{
  "model": "admin.logentry",
  "pk": 83,
  "fields": {
    "action_time": "2024-09-24T06:09:35.937Z",
    "user": [
      "admin"
    ],
    "content_type": [
      "company",
      "event"
    ],
    "object_id": "20",
    "object_repr": "New Year Event Party",
    "action_flag": 2,
    "change_message": "[{\"changed\": {\"fields\": [\"Event dates\"]}}]"
  }
},
{
  "model": "admin.logentry",
  "pk": 84,
  "fields": {
    "action_time": "2024-09-24T06:09:45.124Z",
    "user": [
      "admin"
    ],
    "content_type": [
      "company",
      "event"
    ],
    "object_id": "20",
    "object_repr": "New Year Event Party",
    "action_flag": 2,
    "change_message": "[]"
  }
},
{
  "model": "admin.logentry",
  "pk": 85,
  "fields": {
    "action_time": "2024-09-24T06:09:57.186Z",
    "user": [
      "admin"
    ],
    "content_type": [
      "company",
      "event"
    ],
    "object_id": "20",
    "object_repr": "New Year Event Party",
    "action_flag": 2,
    "change_message": "[]"
  }
},
{
  "model": "admin.logentry",
  "pk": 86,
  "fields": {
    "action_time": "2024-09-24T06:10:52.253Z",
    "user": [
      "admin"
    ],
    "content_type": [
      "company",
      "event"
    ],
    "object_id": "20",
    "object_repr": "New Year Event Party",
    "action_flag": 2,
    "change_message": "[{\"changed\": {\"fields\": [\"Event dates\"]}}]"
  }
},
{
  "model": "admin.logentry",
  "pk": 87,
  "fields": {
    "action_time": "2024-09-24T06:10:57.108Z",
    "user": [
      "admin"
    ],
    "content_type": [
      "company",
      "event"
    ],
    "object_id": "20",
    "object_repr": "New Year Event Party",
    "action_flag": 2,
    "change_message": "[]"
  }
},
{
  "model": "admin.logentry",
  "pk": 88,
  "fields": {
    "action_time": "2024-09-24T06:26:36.187Z",
    "user": [
      "admin"
    ],
    "content_type": [
      "company",
      "event"
    ],
    "object_id": "20",
    "object_repr": "New Year Event Party",
    "action_flag": 2,
    "change_message": "[]"
  }
},
{
  "model": "admin.logentry",
  "pk": 89,
  "fields": {
    "action_time": "2024-09-24T06:29:20.899Z",
    "user": [
      "admin"
    ],
    "content_type": [
      "company",
      "event"
    ],
    "object_id": "20",
    "object_repr": "New Year Event Party",
    "action_flag": 2,
    "change_message": "[{\"changed\": {\"fields\": [\"Event dates\"]}}]"
  }
},
{
  "model": "admin.logentry",
  "pk": 90,
  "fields": {
    "action_time": "2024-09-24T06:29:28.099Z",
    "user": [
      "admin"
    ],
    "content_type": [
      "company",
      "event"
    ],
    "object_id": "20",
    "object_repr": "New Year Event Party",
    "action_flag": 2,
    "change_message": "[]"
  }
},
{
  "model": "admin.logentry",
  "pk": 91,
  "fields": {
    "action_time": "2024-09-24T06:37:03.529Z",
    "user": [
      "admin"
    ],
    "content_type": [
      "company",
      "event"
    ],
    "object_id": "20",
    "object_repr": "New Year Event Party",
    "action_flag": 2,
    "change_message": "[]"
  }
},
{
  "model": "admin.logentry",
  "pk": 92,
  "fields": {
    "action_time": "2024-09-24T06:37:09.187Z",
    "user": [
      "admin"
    ],
    "content_type": [
      "company",
      "event"
    ],
    "object_id": "20",
    "object_repr": "New Year Event Party",
    "action_flag": 2,
    "change_message": "[]"
  }
},
{
  "model": "admin.logentry",
  "pk": 93,
  "fields": {
    "action_time": "2024-09-24T06:52:21.089Z",
    "user": [
      "admin"
    ],
    "content_type": [
      "company",
      "event"
    ],
    "object_id": "20",
    "object_repr": "New Year Event Party",
    "action_flag": 2,
    "change_message": "[]"
  }
},
{
  "model": "admin.logentry",
  "pk": 94,
  "fields": {
    "action_time": "2024-09-24T06:52:28.156Z",
    "user": [
      "admin"
    ],
    "content_type": [
      "company",
      "event"
    ],
    "object_id": "20",
    "object_repr": "New Year Event Party",
    "action_flag": 2,
    "change_message": "[]"
  }
},
{
  "model": "admin.logentry",
  "pk": 95,
  "fields": {
    "action_time": "2024-09-24T06:52:35.458Z",
    "user": [
      "admin"
    ],
    "content_type": [
      "company",
      "event"
    ],
    "object_id": "20",
    "object_repr": "New Year Event Party",
    "action_flag": 2,
    "change_message": "[]"
  }
},
{
  "model": "admin.logentry",
  "pk": 96,
  "fields": {
    "action_time": "2024-09-24T06:52:45.382Z",
    "user": [
      "admin"
    ],
    "content_type": [
      "company",
      "event"
    ],
    "object_id": "20",
    "object_repr": "New Year Event Party",
    "action_flag": 2,
    "change_message": "[]"
  }
},
{
  "model": "admin.logentry",
  "pk": 97,
  "fields": {
    "action_time": "2024-09-24T06:53:20.397Z",
    "user": [
      "admin"
    ],
    "content_type": [
      "company",
      "event"
    ],
    "object_id": "20",
    "object_repr": "New Year Event Party",
    "action_flag": 2,
    "change_message": "[]"
  }
},
{
  "model": "admin.logentry",
  "pk": 98,
  "fields": {
    "action_time": "2024-09-24T06:53:28.243Z",
    "user": [
      "admin"
    ],
    "content_type": [
      "company",
      "event"
    ],
    "object_id": "20",
    "object_repr": "New Year Event Party",
    "action_flag": 2,
    "change_message": "[]"
  }
},
{
  "model": "admin.logentry",
  "pk": 99,
  "fields": {
    "action_time": "2024-09-24T06:53:36.618Z",
    "user": [
      "admin"
    ],
    "content_type": [
      "company",
      "event"
    ],
    "object_id": "20",
    "object_repr": "New Year Event Party",
    "action_flag": 2,
    "change_message": "[]"
  }
},
{
  "model": "admin.logentry",
  "pk": 100,
  "fields": {
    "action_time": "2024-09-24T06:54:42.935Z",
    "user": [
      "admin"
    ],
    "content_type": [
      "company",
      "event"
    ],
    "object_id": "20",
    "object_repr": "New Year Event Party",
    "action_flag": 2,
    "change_message": "[{\"changed\": {\"fields\": [\"Event dates\"]}}]"
  }
},
{
  "model": "admin.logentry",
  "pk": 101,
  "fields": {
    "action_time": "2024-09-24T06:54:52.750Z",
    "user": [
      "admin"
    ],
    "content_type": [
      "company",
      "event"
    ],
    "object_id": "20",
    "object_repr": "New Year Event Party",
    "action_flag": 2,
    "change_message": "[]"
  }
},
{
  "model": "admin.logentry",
  "pk": 102,
  "fields": {
    "action_time": "2024-09-24T06:54:57.702Z",
    "user": [
      "admin"
    ],
    "content_type": [
      "company",
      "event"
    ],
    "object_id": "20",
    "object_repr": "New Year Event Party",
    "action_flag": 2,
    "change_message": "[]"
  }
},
{
  "model": "admin.logentry",
  "pk": 103,
  "fields": {
    "action_time": "2024-09-24T06:55:34.931Z",
    "user": [
      "admin"
    ],
    "content_type": [
      "company",
      "event"
    ],
    "object_id": "9",
    "object_repr": "Christmas Party",
    "action_flag": 2,
    "change_message": "[]"
  }
},
{
  "model": "admin.logentry",
  "pk": 104,
  "fields": {
    "action_time": "2024-09-24T06:55:41.091Z",
    "user": [
      "admin"
    ],
    "content_type": [
      "company",
      "event"
    ],
    "object_id": "9",
    "object_repr": "Christmas Party",
    "action_flag": 2,
    "change_message": "[]"
  }
},
{
  "model": "admin.logentry",
  "pk": 105,
  "fields": {
    "action_time": "2024-09-24T07:38:53.254Z",
    "user": [
      "admin"
    ],
    "content_type": [
      "company",
      "event"
    ],
    "object_id": "20",
    "object_repr": "New Year Event Party",
    "action_flag": 2,
    "change_message": "[{\"added\": {\"name\": \"event_ schedule\", \"object\": \"Event_Schedule object (1)\"}}]"
  }
},
{
  "model": "admin.logentry",
  "pk": 106,
  "fields": {
    "action_time": "2024-09-24T08:24:34.474Z",
    "user": [
      "admin"
    ],
    "content_type": [
      "company",
      "event"
    ],
    "object_id": "20",
    "object_repr": "New Year Event Party",
    "action_flag": 2,
    "change_message": "[{\"added\": {\"name\": \"event_ schedule\", \"object\": \"Event_Schedule object (2)\"}}]"
  }
},
{
  "model": "admin.logentry",
  "pk": 107,
  "fields": {
    "action_time": "2024-09-24T08:24:55.390Z",
    "user": [
      "admin"
    ],
    "content_type": [
      "company",
      "event"
    ],
    "object_id": "16",
    "object_repr": "Partyy",
    "action_flag": 2,
    "change_message": "[{\"added\": {\"name\": \"event_ schedule\", \"object\": \"Event_Schedule object (3)\"}}]"
  }
},
{
  "model": "admin.logentry",
  "pk": 108,
  "fields": {
    "action_time": "2024-09-24T08:30:42.202Z",
    "user": [
      "admin"
    ],
    "content_type": [
      "company",
      "event"
    ],
    "object_id": "16",
    "object_repr": "Partyy",
    "action_flag": 2,
    "change_message": "[{\"added\": {\"name\": \"event_ schedule\", \"object\": \"2024-09-19\"}}]"
  }
},
{
  "model": "admin.logentry",
  "pk": 109,
  "fields": {
    "action_time": "2024-09-25T03:40:58.569Z",
    "user": [
      "admin"
    ],
    "content_type": [
      "company",
      "event"
    ],
    "object_id": "22",
    "object_repr": "More Event",
    "action_flag": 1,
    "change_message": "[{\"added\": {}}, {\"added\": {\"name\": \"event_ schedule\", \"object\": \"2024-09-25\"}}, {\"added\": {\"name\": \"event_ schedule\", \"object\": \"2024-09-26\"}}, {\"added\": {\"name\": \"event_ media\", \"object\": \"Photo 73\"}}]"
  }
},
{
  "model": "admin.logentry",
  "pk": 110,
  "fields": {
    "action_time": "2024-09-26T04:45:51.173Z",
    "user": [
      "admin"
    ],
    "content_type": [
      "company",
      "event"
    ],
    "object_id": "16",
    "object_repr": "Partyy",
    "action_flag": 2,
    "change_message": "[{\"changed\": {\"fields\": [\"Image1\"]}}, {\"added\": {\"name\": \"event_ schedule\", \"object\": \"2024-09-26\"}}, {\"changed\": {\"name\": \"event_ schedule\", \"object\": \"2024-09-24\", \"fields\": [\"Description\"]}}, {\"changed\": {\"name\": \"event_ schedule\", \"object\": \"2024-09-19\", \"fields\": [\"Description\"]}}]"
  }
},
{
  "model": "admin.logentry",
  "pk": 111,
  "fields": {
    "action_time": "2024-09-26T04:48:41.933Z",
    "user": [
      "admin"
    ],
    "content_type": [
      "company",
      "event"
    ],
    "object_id": "16",
    "object_repr": "Partyy",
    "action_flag": 2,
    "change_message": "[{\"changed\": {\"fields\": [\"Description\"]}}, {\"added\": {\"name\": \"event_ schedule\", \"object\": \"2024-09-26\"}}]"
  }
},
{
  "model": "admin.logentry",
  "pk": 112,
  "fields": {
    "action_time": "2024-09-26T04:53:45.566Z",
    "user": [
      "admin"
    ],
    "content_type": [
      "company",
      "event"
    ],
    "object_id": "9",
    "object_repr": "Christmas Party",
    "action_flag": 2,
    "change_message": "[{\"changed\": {\"fields\": [\"Image1\"]}}, {\"added\": {\"name\": \"event_ schedule\", \"object\": \"2024-09-26\"}}]"
  }
},
{
  "model": "admin.logentry",
  "pk": 113,
  "fields": {
    "action_time": "2024-09-26T04:54:19.833Z",
    "user": [
      "admin"
    ],
    "content_type": [
      "company",
      "event"
    ],
    "object_id": "9",
    "object_repr": "Christmas Party",
    "action_flag": 2,
    "change_message": "[{\"added\": {\"name\": \"event_ schedule\", \"object\": \"2024-09-26\"}}, {\"changed\": {\"name\": \"event_ schedule\", \"object\": \"2024-12-25\", \"fields\": [\"Date\", \"Start time\", \"End time\"]}}]"
  }
},
{
  "model": "admin.logentry",
  "pk": 114,
  "fields": {
    "action_time": "2024-09-26T04:55:20.001Z",
    "user": [
      "admin"
    ],
    "content_type": [
      "company",
      "event"
    ],
    "object_id": "12",
    "object_repr": "Super Event",
    "action_flag": 2,
    "change_message": "[{\"added\": {\"name\": \"event_ schedule\", \"object\": \"2024-09-05\"}}]"
  }
},
{
  "model": "admin.logentry",
  "pk": 115,
  "fields": {
    "action_time": "2024-09-26T05:38:21.003Z",
    "user": [
      "admin"
    ],
    "content_type": [
      "company",
      "event"
    ],
    "object_id": "14",
    "object_repr": "Event Again",
    "action_flag": 2,
    "change_message": "[{\"added\": {\"name\": \"event_ schedule\", \"object\": \"2024-09-26\"}}]"
  }
},
{
  "model": "admin.logentry",
  "pk": 116,
  "fields": {
    "action_time": "2024-09-26T05:53:10.082Z",
    "user": [
      "admin"
    ],
    "content_type": [
      "company",
      "event"
    ],
    "object_id": "14",
    "object_repr": "Event Again",
    "action_flag": 2,
    "change_message": "[{\"added\": {\"name\": \"event_ schedule\", \"object\": \"2024-09-26\"}}, {\"changed\": {\"name\": \"event_ schedule\", \"object\": \"2024-09-01\", \"fields\": [\"Date\"]}}]"
  }
},
{
  "model": "admin.logentry",
  "pk": 117,
  "fields": {
    "action_time": "2024-09-26T05:54:45.180Z",
    "user": [
      "admin"
    ],
    "content_type": [
      "company",
      "event"
    ],
    "object_id": "13",
    "object_repr": "Another Event",
    "action_flag": 2,
    "change_message": "[{\"added\": {\"name\": \"event_ schedule\", \"object\": \"2024-09-26\"}}]"
  }
},
{
  "model": "admin.logentry",
  "pk": 118,
  "fields": {
    "action_time": "2024-09-26T05:58:28.117Z",
    "user": [
      "admin"
    ],
    "content_type": [
      "company",
      "event"
    ],
    "object_id": "10",
    "object_repr": "Halloween Party",
    "action_flag": 2,
    "change_message": "[{\"added\": {\"name\": \"event_ schedule\", \"object\": \"2024-09-27\"}}]"
  }
},
{
  "model": "admin.logentry",
  "pk": 119,
  "fields": {
    "action_time": "2024-09-26T05:59:11.080Z",
    "user": [
      "admin"
    ],
    "content_type": [
      "company",
      "event"
    ],
    "object_id": "10",
    "object_repr": "Halloween Party",
    "action_flag": 2,
    "change_message": "[{\"added\": {\"name\": \"event_ schedule\", \"object\": \"2024-09-26\"}}, {\"changed\": {\"name\": \"event_ schedule\", \"object\": \"2024-09-03\", \"fields\": [\"Date\"]}}]"
  }
},
{
  "model": "admin.logentry",
  "pk": 120,
  "fields": {
    "action_time": "2024-09-26T06:00:14.675Z",
    "user": [
      "admin"
    ],
    "content_type": [
      "company",
      "event"
    ],
    "object_id": "13",
    "object_repr": "Another Event",
    "action_flag": 2,
    "change_message": "[{\"added\": {\"name\": \"event_ schedule\", \"object\": \"2024-09-26\"}}, {\"changed\": {\"name\": \"event_ schedule\", \"object\": \"2024-09-27\", \"fields\": [\"Date\"]}}]"
  }
},
{
  "model": "admin.logentry",
  "pk": 121,
  "fields": {
    "action_time": "2024-09-26T06:00:47.902Z",
    "user": [
      "admin"
    ],
    "content_type": [
      "company",
      "event"
    ],
    "object_id": "13",
    "object_repr": "Another Event",
    "action_flag": 2,
    "change_message": "[{\"added\": {\"name\": \"event_ schedule\", \"object\": \"2024-09-26\"}}, {\"changed\": {\"name\": \"event_ schedule\", \"object\": \"2024-09-25\", \"fields\": [\"Date\"]}}]"
  }
},
{
  "model": "admin.logentry",
  "pk": 122,
  "fields": {
    "action_time": "2024-09-26T06:03:08.395Z",
    "user": [
      "admin"
    ],
    "content_type": [
      "company",
      "event"
    ],
    "object_id": "8",
    "object_repr": "event 4",
    "action_flag": 2,
    "change_message": "[{\"added\": {\"name\": \"event_ schedule\", \"object\": \"2024-09-28\"}}]"
  }
},
{
  "model": "admin.logentry",
  "pk": 123,
  "fields": {
    "action_time": "2024-09-26T08:07:45.245Z",
    "user": [
      "admin"
    ],
    "content_type": [
      "company",
      "event"
    ],
    "object_id": "9",
    "object_repr": "Christmas Party",
    "action_flag": 2,
    "change_message": "[{\"added\": {\"name\": \"event_ schedule\", \"object\": \"2024-11-15\"}}, {\"changed\": {\"name\": \"event_ schedule\", \"object\": \"2024-12-27\", \"fields\": [\"Date\", \"Start time\", \"End time\"]}}]"
  }
},
{
  "model": "admin.logentry",
  "pk": 124,
  "fields": {
    "action_time": "2024-09-27T03:27:45.329Z",
    "user": [
      "admin"
    ],
    "content_type": [
      "clocker",
      "clocker"
    ],
    "object_id": "125",
    "object_repr": "Name: User Two___________________________Shift: 06:00:00",
    "action_flag": 3,
    "change_message": ""
  }
},
{
  "model": "admin.logentry",
  "pk": 125,
  "fields": {
    "action_time": "2024-09-27T05:10:08.006Z",
    "user": [
      "admin"
    ],
    "content_type": [
      "company",
      "event"
    ],
    "object_id": "4",
    "object_repr": "Sample Event",
    "action_flag": 2,
    "change_message": "[{\"added\": {\"name\": \"event_ schedule\", \"object\": \"2024-09-28\"}}]"
  }
},
{
  "model": "admin.logentry",
  "pk": 126,
  "fields": {
    "action_time": "2024-09-27T05:10:16.183Z",
    "user": [
      "admin"
    ],
    "content_type": [
      "company",
      "event"
    ],
    "object_id": "5",
    "object_repr": "Event 3",
    "action_flag": 2,
    "change_message": "[{\"added\": {\"name\": \"event_ schedule\", \"object\": \"2024-09-27\"}}]"
  }
},
{
  "model": "admin.logentry",
  "pk": 127,
  "fields": {
    "action_time": "2024-09-27T05:10:26.819Z",
    "user": [
      "admin"
    ],
    "content_type": [
      "company",
      "event"
    ],
    "object_id": "12",
    "object_repr": "Super Event",
    "action_flag": 2,
    "change_message": "[{\"added\": {\"name\": \"event_ schedule\", \"object\": \"2024-09-27\"}}, {\"changed\": {\"name\": \"event_ schedule\", \"object\": \"2024-09-05\", \"fields\": [\"Start time\", \"End time\"]}}]"
  }
},
{
  "model": "admin.logentry",
  "pk": 128,
  "fields": {
    "action_time": "2024-09-27T05:11:57.781Z",
    "user": [
      "admin"
    ],
    "content_type": [
      "company",
      "event"
    ],
    "object_id": "11",
    "object_repr": "New Year Party",
    "action_flag": 2,
    "change_message": "[{\"added\": {\"name\": \"event_ schedule\", \"object\": \"2024-09-27\"}}]"
  }
},
{
  "model": "admin.logentry",
  "pk": 129,
  "fields": {
    "action_time": "2024-09-27T05:19:54.753Z",
    "user": [
      "admin"
    ],
    "content_type": [
      "company",
      "announcement"
    ],
    "object_id": "3",
    "object_repr": "New Announcement",
    "action_flag": 2,
    "change_message": "[{\"changed\": {\"fields\": [\"Title\", \"Content\"]}}]"
  }
},
{
  "model": "admin.logentry",
  "pk": 130,
  "fields": {
    "action_time": "2024-09-27T05:21:00.023Z",
    "user": [
      "admin"
    ],
    "content_type": [
      "clocker",
      "clocker"
    ],
    "object_id": "124",
    "object_repr": "Name: User Four___________________________Shift: 06:00:00",
    "action_flag": 3,
    "change_message": ""
  }
},
{
  "model": "admin.logentry",
  "pk": 131,
  "fields": {
    "action_time": "2024-09-27T05:30:57.990Z",
    "user": [
      "admin"
    ],
    "content_type": [
      "clocker",
      "clocker"
    ],
    "object_id": "126",
    "object_repr": "Name: User Four___________________________Shift: 06:00:00",
    "action_flag": 3,
    "change_message": ""
  }
},
{
  "model": "admin.logentry",
  "pk": 132,
  "fields": {
    "action_time": "2024-09-27T05:37:48.168Z",
    "user": [
      "admin"
    ],
    "content_type": [
      "clocker",
      "clocker"
    ],
    "object_id": "127",
    "object_repr": "Name: User Four___________________________Shift: 06:00:00",
    "action_flag": 3,
    "change_message": ""
  }
},
{
  "model": "admin.logentry",
  "pk": 133,
  "fields": {
    "action_time": "2024-09-27T06:09:07.817Z",
    "user": [
      "admin"
    ],
    "content_type": [
      "clocker",
      "clocker"
    ],
    "object_id": "128",
    "object_repr": "Name: User Four___________________________Shift: 06:00:00",
    "action_flag": 3,
    "change_message": ""
  }
},
{
  "model": "admin.logentry",
  "pk": 134,
  "fields": {
    "action_time": "2024-09-27T06:15:19.239Z",
    "user": [
      "admin"
    ],
    "content_type": [
      "clocker",
      "clocker"
    ],
    "object_id": "129",
    "object_repr": "Name: User Four___________________________Shift: 06:00:00",
    "action_flag": 3,
    "change_message": ""
  }
},
{
  "model": "admin.logentry",
  "pk": 135,
  "fields": {
    "action_time": "2024-09-27T06:47:47.558Z",
    "user": [
      "admin"
    ],
    "content_type": [
      "clocker",
      "clocker"
    ],
    "object_id": "131",
    "object_repr": "Name: User Four___________________________Shift: 06:00:00",
    "action_flag": 3,
    "change_message": ""
  }
},
{
  "model": "admin.logentry",
  "pk": 136,
  "fields": {
    "action_time": "2024-09-27T06:47:55.367Z",
    "user": [
      "admin"
    ],
    "content_type": [
      "clocker",
      "clocker"
    ],
    "object_id": "130",
    "object_repr": "Name: User Four___________________________Shift: 06:00:00",
    "action_flag": 3,
    "change_message": ""
  }
},
{
  "model": "admin.logentry",
  "pk": 137,
  "fields": {
    "action_time": "2024-09-27T06:53:11.688Z",
    "user": [
      "admin"
    ],
    "content_type": [
      "clocker",
      "clocker"
    ],
    "object_id": "132",
    "object_repr": "Name: User Four___________________________Shift: 06:00:00",
    "action_flag": 3,
    "change_message": ""
  }
},
{
  "model": "admin.logentry",
  "pk": 138,
  "fields": {
    "action_time": "2024-09-27T06:54:32.485Z",
    "user": [
      "admin"
    ],
    "content_type": [
      "clocker",
      "clocker"
    ],
    "object_id": "133",
    "object_repr": "Name: User Four___________________________Shift: 06:00:00",
    "action_flag": 3,
    "change_message": ""
  }
},
{
  "model": "admin.logentry",
  "pk": 139,
  "fields": {
    "action_time": "2024-10-02T05:12:53.510Z",
    "user": [
      "admin"
    ],
    "content_type": [
      "company",
      "career"
    ],
    "object_id": "1",
    "object_repr": "Project Manager",
    "action_flag": 1,
    "change_message": "[{\"added\": {}}]"
  }
},
{
  "model": "admin.logentry",
  "pk": 140,
  "fields": {
    "action_time": "2024-10-02T05:54:29.023Z",
    "user": [
      "admin"
    ],
    "content_type": [
      "company",
      "career"
    ],
    "object_id": "2",
    "object_repr": "Supervisor",
    "action_flag": 1,
    "change_message": "[{\"added\": {}}]"
  }
},
{
  "model": "admin.logentry",
  "pk": 141,
  "fields": {
    "action_time": "2024-11-12T06:38:42.702Z",
    "user": [
      "admin"
    ],
    "content_type": [
      "company",
      "event"
    ],
    "object_id": "22",
    "object_repr": "More Event",
    "action_flag": 2,
    "change_message": "[{\"added\": {\"name\": \"event_ schedule\", \"object\": \"2024-11-12\"}}, {\"added\": {\"name\": \"event_ media\", \"object\": \"Video 74\"}}]"
  }
},
{
  "model": "admin.logentry",
  "pk": 142,
  "fields": {
    "action_time": "2024-11-12T06:48:50.431Z",
    "user": [
      "admin"
    ],
    "content_type": [
      "company",
      "career"
    ],
    "object_id": "3",
    "object_repr": "Sales Staff",
    "action_flag": 1,
    "change_message": "[{\"added\": {}}]"
  }
}
]
